,0,1,2,3,4,5,6,7,8,9,10,11,12,13,14,15,16,17,18,19,20,21,22
0,6,20,0,16,3,2,9,15,10,17,12,1,19,14,8,7,11,13,5,22,21,4,18
1,7,9,12,14,0,22,19,11,1,20,21,13,4,16,6,2,8,10,17,3,15,18,5
2,5,12,14,22,17,21,13,6,2,18,19,3,0,20,11,8,9,15,4,1,7,16,10
3,22,2,13,19,1,9,18,20,21,8,11,17,6,15,16,0,4,14,7,10,5,12,3
4,4,14,8,2,16,20,15,17,11,3,7,9,22,0,5,21,10,18,19,6,13,1,12
5,9,18,3,4,19,10,20,21,0,7,15,6,1,17,12,14,22,11,16,13,8,5,2
6,18,19,10,15,5,11,4,22,14,16,8,7,9,1,2,17,13,21,20,12,0,3,6
7,16,11,21,10,14,4,1,13,17,12,0,2,18,9,22,20,15,5,3,8,19,6,7
8,10,4,15,17,21,1,14,12,20,19,5,8,16,2,9,7,18,6,13,11,3,22,0
9,21,6,18,1,8,17,0,14,13,11,3,22,20,15,7,19,12,2,10,5,4,16,9
10,20,17,22,9,5,14,12,0,7,13,1,16,3,19,21,18,6,8,11,2,10,4,15
11,13,10,17,22,6,12,16,3,5,15,14,18,8,21,4,20,1,0,2,9,7,11,19
12,11,15,16,4,12,6,7,2,3,10,17,1,21,22,19,13,20,0,9,18,14,5,8
13,19,21,4,14,2,18,8,10,9,7,16,6,5,12,3,11,22,1,15,20,13,0,17
14,1,7,11,13,16,19,22,21,12,14,6,4,15,3,8,9,5,18,0,17,2,20,10
15,14,16,17,0,9,8,10,11,19,5,4,20,6,7,1,3,18,2,12,15,22,13,21
16,2,0,9,8,15,3,17,22,10,4,18,19,7,11,5,21,1,20,14,16,6,12,13
17,12,14,19,5,11,7,9,18,16,1,21,10,13,0,17,6,3,15,22,2,4,8,20
18,16,13,20,7,19,0,2,9,18,21,3,15,10,22,1,5,17,14,4,8,11,6,12
19,13,7,5,2,20,14,8,4,16,1,19,12,17,6,0,22,10,3,11,21,9,15,18
20,17,5,3,12,7,20,22,8,4,15,16,13,11,10,21,18,14,19,1,6,2,0,9
21,8,6,19,11,10,7,13,14,1,18,15,5,20,3,9,16,2,22,21,4,12,17,0
22,19,13,22,17,21,3,11,16,12,4,2,14,15,8,20,10,9,18,6,0,5,7,1
23,18,5,12,20,17,16,15,1,13,21,19,0,2,22,3,4,7,10,8,14,6,9,11
24,22,4,6,12,0,15,3,8,17,2,13,19,7,5,10,18,20,16,9,1,21,11,14
25,11,0,1,21,18,12,20,5,15,17,22,2,4,6,8,14,13,7,9,3,19,10,16
26,5,15,18,8,22,0,21,19,20,10,6,17,13,16,11,7,2,9,3,12,1,14,4
27,21,22,9,6,13,8,3,20,18,19,1,10,16,12,17,5,0,4,11,7,15,14,2
28,21,19,7,20,11,4,14,17,3,6,13,8,10,1,15,9,5,12,16,22,18,2,0
29,15,18,13,14,2,17,16,3,6,11,20,21,5,0,4,1,8,12,10,7,22,19,9
30,15,14,8,16,3,19,11,0,4,2,9,6,1,18,10,12,21,5,17,20,7,22,13
31,11,21,20,18,9,6,0,13,22,5,4,15,3,10,7,2,8,19,14,17,12,1,16
32,3,8,13,17,10,21,12,5,2,0,16,4,18,20,22,19,15,7,1,14,11,9,6
33,5,11,15,13,6,2,1,16,21,22,14,7,19,8,18,0,9,4,3,12,17,10,20
34,22,9,0,5,1,11,10,13,7,20,12,8,14,18,16,17,6,21,15,2,3,19,4
35,10,20,5,15,17,14,8,1,21,13,2,22,7,4,19,6,3,9,0,18,16,12,11
36,6,16,3,21,12,0,2,18,22,4,7,20,17,11,13,8,14,5,15,9,10,1,19
37,3,12,8,7,20,15,5,6,9,22,11,18,4,2,0,14,10,1,16,17,19,13,21
38,12,6,10,18,22,16,4,13,14,11,0,21,2,5,7,9,19,20,8,15,3,17,1
39,1,17,12,19,18,22,7,4,5,6,9,20,14,8,2,16,0,21,11,10,13,15,3
40,2,10,20,4,7,18,1,9,19,14,6,3,5,16,13,22,11,0,12,21,17,8,15
41,16,22,21,0,20,10,18,1,9,12,5,17,3,19,6,4,11,13,7,8,15,2,14
42,22,3,16,2,7,13,21,19,0,6,14,12,20,9,15,1,5,11,10,8,17,18,4
43,20,18,19,0,15,9,3,10,2,16,17,22,13,4,11,12,1,14,5,21,6,7,8
44,9,12,7,19,14,20,17,21,15,2,8,5,16,11,0,10,4,18,22,6,1,3,13
45,13,2,22,1,8,6,11,18,7,20,3,14,9,4,12,21,17,15,0,5,16,10,19
46,19,20,11,8,15,13,4,2,10,14,5,9,21,3,17,16,6,22,12,0,18,1,7
47,7,14,17,19,1,10,5,4,15,12,22,16,8,2,18,11,21,6,9,3,0,13,20
48,14,8,16,6,3,17,9,10,1,5,22,0,18,7,21,13,19,20,15,11,4,12,2
49,8,0,22,1,11,18,13,17,20,2,12,3,15,14,10,6,7,19,21,16,9,4,5
50,4,18,15,11,5,7,21,22,12,8,9,2,14,17,13,3,19,0,1,10,16,20,6
51,17,15,14,7,16,2,11,12,9,5,20,19,1,21,22,13,18,8,6,4,10,3,0
52,9,3,4,10,19,13,17,20,14,1,18,6,8,7,21,16,12,5,2,11,22,0,15
53,17,9,21,15,6,8,19,5,0,18,12,13,22,3,20,2,4,10,1,7,14,11,16
54,12,10,6,9,22,4,0,8,19,3,17,1,13,5,18,16,21,2,20,14,11,15,7
55,2,16,18,10,12,19,1,13,11,4,8,7,0,14,9,3,20,6,22,15,21,5,17
56,19,8,1,18,21,9,15,3,5,0,13,10,6,17,4,22,7,20,11,16,12,2,14
57,4,22,14,2,8,15,16,18,6,17,0,5,3,20,11,12,21,7,19,13,9,10,1
58,5,16,19,9,14,1,20,4,6,10,7,15,11,21,2,17,0,22,13,18,3,12,8
59,7,4,6,20,13,18,19,15,0,1,21,2,17,22,3,5,10,16,12,9,8,11,14
60,16,19,17,12,6,21,10,0,22,8,9,3,4,15,1,11,2,13,20,7,5,14,18
61,8,19,1,5,13,20,22,2,4,0,17,21,11,9,7,10,3,6,16,12,14,18,15
62,18,21,7,14,9,2,5,20,11,15,19,8,10,16,4,0,6,3,22,13,1,17,12
63,14,2,20,15,5,17,7,16,3,22,12,9,21,6,10,19,1,11,13,0,18,8,4
64,1,21,4,7,10,22,0,11,17,19,9,16,2,14,15,20,13,8,5,6,18,12,3
65,13,7,6,10,0,14,9,15,19,3,20,12,1,18,16,11,22,21,4,2,8,5,17
66,6,3,11,9,7,1,20,19,18,21,0,14,15,17,5,13,2,12,22,4,10,16,8
67,3,11,4,13,21,19,12,10,16,14,18,17,6,22,20,0,5,15,8,1,2,7,9
68,10,0,8,5,2,12,17,9,19,16,4,18,3,15,6,1,7,11,21,22,14,20,13
69,20,8,15,21,10,11,18,5,13,7,19,9,14,12,6,3,1,22,17,4,0,2,16
70,11,3,17,22,14,16,5,15,20,0,2,4,7,19,13,18,12,9,6,21,8,1,10
71,14,5,3,18,12,9,2,8,1,13,21,10,0,6,7,4,15,22,19,17,16,20,11
72,4,16,0,22,20,13,14,2,10,17,15,19,9,1,12,11,8,18,7,5,21,3,6
73,15,6,5,11,21,0,4,12,18,3,7,14,22,9,10,19,20,1,2,17,13,8,16
74,21,5,14,6,22,1,15,17,13,0,2,12,8,10,3,4,9,16,20,11,19,7,18
75,17,2,10,4,11,6,22,14,5,21,18,9,19,3,16,8,13,12,0,15,1,20,7
76,13,10,1,11,2,3,19,16,6,8,22,21,17,12,20,7,14,15,4,0,5,9,18
77,7,21,6,10,9,22,12,3,17,20,1,0,16,11,19,2,5,8,14,13,15,18,4
78,11,17,3,16,15,7,0,1,4,22,6,18,20,10,13,12,8,2,5,9,14,19,21
79,18,11,12,17,16,4,14,19,1,15,8,7,20,2,0,5,13,10,21,3,6,22,9
80,2,8,7,0,5,11,19,4,16,10,17,1,22,21,9,6,18,3,14,20,15,13,12
81,9,19,21,8,3,10,20,6,12,14,22,4,7,5,2,1,17,11,13,18,0,16,15
82,20,12,8,13,18,6,15,9,4,16,3,2,5,0,17,21,22,1,10,14,11,19,7
83,12,7,21,14,13,0,3,1,16,11,20,18,6,2,8,9,15,4,19,22,17,10,5
84,3,15,9,20,2,21,13,22,1,12,16,19,0,8,6,18,11,7,14,10,5,4,17
85,8,13,14,6,0,1,7,5,15,18,2,16,11,19,4,9,20,12,3,22,21,17,10
86,9,20,12,10,1,8,7,16,21,4,11,22,2,15,18,17,19,0,13,14,3,6,5
87,2,5,18,12,6,16,21,0,11,7,15,3,8,19,22,14,4,9,20,10,1,13,17
88,10,9,0,19,11,17,21,2,6,8,5,13,15,7,16,22,12,14,4,1,18,3,20
89,20,14,18,22,3,7,15,11,16,6,4,5,10,21,19,8,17,13,2,12,9,0,1
90,22,14,1,18,17,12,8,13,11,16,3,21,19,4,15,5,6,10,0,20,7,9,2
91,15,2,22,0,10,19,11,12,7,21,13,14,16,9,3,20,18,4,8,1,17,6,5
92,4,22,5,17,8,0,18,21,3,15,16,20,2,1,10,7,9,13,19,14,12,11,6
93,5,17,15,16,20,10,0,6,21,19,11,7,22,18,9,8,14,12,1,2,13,4,3
94,12,3,10,9,15,20,16,18,22,11,1,0,14,5,2,17,4,19,21,7,6,13,8
95,1,20,0,11,7,4,18,14,2,5,13,6,19,8,12,10,17,3,22,21,16,15,9
96,21,4,18,16,19,7,3,2,14,13,12,15,0,9,5,1,10,6,17,8,11,22,20
97,8,10,19,21,18,14,7,17,2,20,11,9,1,12,15,13,3,16,6,22,4,5,0
98,6,7,13,10,9,3,2,20,18,17,0,22,21,5,1,14,19,8,16,11,12,15,4
99,16,4,7,8,13,3,11,1,5,6,14,12,17,20,18,2,0,15,19,9,10,22,21
100,7,19,5,1,14,12,22,3,13,8,4,0,18,6,11,16,21,9,10,20,2,17,15
101,10,13,3,14,20,1,17,15,12,22,18,4,11,0,8,21,2,16,5,6,7,9,19
102,2,11,16,13,18,22,4,15,9,3,0,20,6,7,1,12,19,10,8,5,17,14,21
103,18,15,16,5,8,13,1,19,10,12,7,4,0,17,21,11,14,2,3,9,22,20,6
104,10,12,11,6,17,9,5,14,15,7,21,1,8,2,22,20,13,16,0,18,4,3,19
105,22,17,9,20,11,15,16,10,12,14,8,21,13,1,6,0,2,5,3,4,19,18,7
106,16,5,4,8,12,19,13,22,20,17,11,18,9,10,0,6,7,1,15,3,21,2,14
107,13,18,20,0,14,8,10,9,5,11,1,6,3,16,21,22,15,19,7,4,2,17,12
108,1,0,13,15,6,9,12,21,4,20,5,16,11,2,19,18,14,7,17,10,22,8,3
109,17,22,10,1,15,13,14,20,9,16,8,0,21,7,18,3,5,4,12,2,19,6,11
110,19,9,0,4,1,6,8,13,7,15,20,2,5,17,22,12,11,3,10,16,18,14,21
111,14,13,12,17,22,10,21,11,0,1,3,8,18,19,5,4,7,9,16,6,15,20,2
112,5,2,22,12,17,15,3,21,20,10,6,13,16,4,9,19,1,14,8,0,18,7,11
113,1,6,16,7,5,18,8,12,11,22,9,19,10,3,20,17,13,21,2,15,14,4,0
114,12,10,3,21,6,16,5,0,22,18,1,17,7,20,19,9,15,2,11,13,8,14,4
115,13,7,11,5,16,14,15,12,3,2,21,10,20,8,17,19,0,6,9,4,1,22,18
116,18,8,5,19,21,20,12,4,17,1,13,15,9,0,2,11,10,3,6,16,22,7,14
117,8,22,15,20,9,11,17,18,21,5,16,2,4,1,12,7,19,14,6,3,13,0,10
118,6,20,10,5,18,2,21,15,9,19,22,14,17,12,13,3,8,0,7,11,4,16,1
119,15,4,11,20,1,10,9,8,2,3,14,0,22,18,16,6,12,19,13,21,7,17,5
120,14,9,1,16,22,21,20,6,17,10,18,8,11,4,12,7,3,13,15,2,5,0,19
121,18,15,4,7,3,16,22,17,6,2,12,1,21,14,8,20,10,0,5,13,9,19,11
122,3,4,19,12,0,14,1,2,10,16,20,17,15,21,7,13,22,5,9,18,8,11,6
123,16,13,20,7,19,0,2,9,18,21,3,15,10,22,1,5,17,14,4,8,11,6,12
124,20,6,9,1,3,11,4,8,12,15,17,13,19,10,5,22,0,7,21,18,2,16,14
125,5,22,7,11,10,6,18,14,3,8,15,17,4,20,2,19,21,1,16,12,0,9,13
126,19,3,1,17,13,12,2,16,6,21,18,5,14,15,11,10,9,22,8,0,4,7,20
127,17,0,19,2,20,21,9,6,14,7,1,10,22,3,8,4,11,13,15,5,16,12,18
128,11,17,8,6,5,1,14,19,0,16,7,12,2,9,20,21,3,18,4,22,10,15,13
129,1,15,21,4,10,12,14,5,22,3,19,7,9,11,0,16,13,20,2,8,6,18,17
130,22,16,13,8,2,18,20,11,21,12,5,3,10,4,7,0,6,15,17,14,9,1,19
131,11,18,17,22,12,15,10,1,7,19,16,13,3,20,6,14,9,2,4,21,0,5,8
132,7,19,6,16,11,22,13,3,14,1,8,5,0,20,9,10,4,21,12,15,17,2,18
133,12,16,4,15,0,2,10,17,19,14,21,22,9,18,5,8,7,3,20,1,6,11,13
134,4,14,17,21,19,8,7,10,15,2,6,16,1,3,12,0,18,5,22,9,11,13,20
135,20,18,12,4,8,15,19,10,3,6,13,1,5,16,21,22,2,11,14,17,9,0,7
136,7,11,9,10,18,8,16,0,22,3,2,20,21,14,15,4,1,19,12,5,13,6,17
137,19,3,14,21,7,17,2,9,10,15,22,6,5,12,4,18,11,13,1,20,0,8,16
138,21,4,8,17,13,20,0,12,15,11,5,19,6,14,3,2,22,18,7,16,1,9,10
139,14,2,21,11,22,0,8,10,7,4,15,9,13,6,17,18,3,20,1,12,16,19,5
140,9,12,7,18,16,6,4,13,0,20,19,22,2,17,1,11,14,10,21,5,3,8,15
141,3,21,20,9,17,22,0,6,18,13,15,8,7,5,19,16,11,1,2,10,12,4,14
142,21,15,5,13,8,2,9,18,4,19,14,0,20,17,11,1,6,16,3,7,10,22,12
143,1,5,15,0,19,13,16,8,14,22,17,20,18,11,7,12,10,4,9,6,2,3,21
144,22,8,16,19,11,18,20,21,0,13,9,14,4,1,6,17,15,12,5,3,7,10,2
145,15,16,12,2,14,21,13,20,4,6,17,18,9,10,3,5,19,8,7,0,22,1,11
146,9,18,3,11,1,17,14,16,2,21,0,4,15,6,13,8,20,22,12,7,19,5,10
147,11,7,16,8,18,10,17,3,13,0,4,14,22,21,1,9,12,6,20,15,5,2,19
148,2,10,7,15,16,3,19,1,17,18,20,9,5,12,22,6,8,14,4,11,21,13,0
149,4,9,0,5,3,18,15,22,20,12,7,10,13,11,1,14,21,16,17,6,8,19,2
150,20,21,11,2,7,4,22,8,13,10,19,16,3,18,12,5,9,0,1,17,15,14,6
151,9,7,13,22,12,19,11,5,6,20,16,4,1,0,15,3,17,8,14,21,2,18,10
152,15,22,18,1,0,11,16,21,17,13,2,12,9,7,4,20,6,3,19,8,14,10,5
153,4,13,5,20,2,3,18,0,14,19,11,10,17,15,6,21,22,7,9,1,12,8,16
154,6,12,22,18,5,19,8,14,21,15,0,9,17,2,11,4,7,20,10,13,3,16,1
155,8,18,21,13,15,4,22,11,0,2,14,16,19,9,17,1,5,10,12,20,7,6,3
156,20,12,14,18,8,9,2,19,1,5,4,3,15,16,10,22,17,21,7,11,6,0,13
157,3,5,11,6,9,13,10,4,15,17,12,7,21,22,2,8,14,19,16,1,0,18,20
158,6,19,20,14,7,4,1,16,13,22,3,5,10,2,0,21,12,15,11,18,9,17,8
159,2,5,18,12,6,16,21,0,11,7,15,3,8,19,22,14,4,9,20,10,1,13,17
160,18,20,22,14,3,7,5,10,9,4,2,17,1,16,15,13,0,11,6,8,19,12,21
161,10,17,5,4,22,15,13,6,3,14,2,21,20,19,16,8,18,7,0,11,12,1,9
162,21,14,6,12,10,13,11,19,16,18,7,1,5,0,8,2,9,22,15,17,4,20,3
163,5,6,8,16,12,3,0,17,9,14,18,19,2,1,21,10,22,20,13,7,11,15,4
164,19,2,12,0,21,9,3,5,10,11,16,22,18,6,8,7,20,1,14,4,13,17,15
165,7,15,10,13,0,21,9,8,2,17,4,18,6,5,19,12,3,22,11,16,14,20,1
166,13,3,0,22,2,21,12,11,19,10,20,1,16,18,6,9,5,4,17,8,15,14,7
167,14,17,6,21,19,20,8,4,2,0,22,7,15,10,18,1,13,3,16,12,5,9,11
168,6,19,14,9,17,7,10,11,20,4,8,15,13,22,3,18,1,16,2,0,21,12,5
169,15,8,18,19,14,11,5,22,7,12,3,20,4,21,1,13,0,2,6,9,17,16,10
170,17,11,9,18,21,1,4,5,7,19,14,13,16,3,15,20,2,6,22,10,12,0,8
171,9,0,13,6,18,8,7,15,10,2,4,12,3,14,20,19,17,21,11,16,22,5,1
172,7,20,6,1,13,2,17,4,19,16,22,21,14,15,11,12,18,10,5,9,8,3,0
173,13,21,10,20,8,12,3,16,5,1,6,19,0,7,11,14,22,9,17,18,4,15,2
174,15,5,1,10,17,0,18,14,12,6,19,13,16,4,20,11,8,7,21,2,3,22,9
175,17,6,15,7,12,19,4,9,11,8,18,14,22,10,5,3,21,0,13,16,1,2,20
176,6,0,19,16,22,11,1,20,15,13,21,5,3,8,9,2,12,18,17,10,7,4,14
177,19,13,3,8,20,14,9,22,5,0,17,2,18,4,12,1,7,21,15,6,10,11,16
178,11,9,4,5,1,10,19,12,18,7,13,17,15,6,21,3,14,22,0,20,16,8,2
179,8,22,15,9,13,16,2,6,4,3,5,10,21,11,0,7,20,12,19,14,1,18,17
180,12,3,10,9,15,20,16,18,22,11,1,0,14,5,2,17,4,19,21,7,6,13,8
181,14,4,13,12,9,18,7,2,21,5,16,6,17,19,22,0,15,11,10,20,3,8,1
182,2,13,21,22,20,1,11,3,19,10,5,8,6,7,9,16,4,18,0,15,17,14,12
183,3,22,17,15,21,8,12,14,11,5,9,16,0,19,10,2,7,1,20,13,6,4,18
184,12,20,16,0,2,6,19,21,13,18,15,9,11,17,4,1,8,14,7,5,10,22,3
185,4,0,1,14,19,17,20,15,6,12,5,18,21,8,16,22,10,2,9,3,11,7,13
186,11,6,7,22,9,2,5,17,1,13,8,12,14,15,16,10,3,20,0,21,18,19,4
187,17,10,22,18,16,4,21,9,20,1,11,3,0,8,7,12,13,5,19,2,14,15,6
188,9,11,0,6,3,10,18,13,22,4,12,1,19,20,17,5,15,8,16,14,21,2,7
189,21,16,3,15,11,9,10,12,14,1,20,22,13,18,19,17,2,4,7,5,8,6,0
190,19,8,14,2,1,18,12,5,16,20,6,15,4,10,7,3,0,11,21,22,13,17,9
191,8,3,9,14,18,22,1,0,2,7,13,4,11,16,10,20,12,6,15,17,21,5,19
192,7,17,19,21,5,4,9,22,13,18,3,15,8,14,0,6,20,12,2,1,10,16,11
193,5,11,15,13,6,2,1,16,21,22,14,7,19,8,18,0,9,4,3,12,17,10,20
194,20,21,8,5,7,22,14,12,3,17,0,2,18,9,10,4,6,19,11,13,16,15,1
195,16,8,6,11,15,17,12,14,5,13,7,10,20,0,2,19,4,21,9,22,18,1,3
196,10,8,22,17,14,3,7,18,15,2,6,16,5,12,13,0,21,4,1,20,9,11,19
197,9,14,17,4,2,15,21,1,18,0,11,5,7,22,6,3,19,13,10,8,12,20,16
198,21,2,1,19,18,14,17,20,4,6,0,13,10,11,15,9,5,7,8,12,22,16,3
199,18,10,5,15,7,16,3,19,0,8,20,17,13,1,11,6,9,12,14,4,2,22,21
200,5,18,20,7,19,11,2,21,16,22,17,8,1,6,13,9,3,0,4,15,14,10,12
201,14,7,10,2,16,8,4,12,20,19,9,6,22,17,5,21,15,1,3,0,18,11,13
202,2,6,4,15,0,16,11,1,19,20,13,8,7,21,17,18,10,5,12,22,9,3,14
203,3,0,21,1,6,12,8,10,4,7,22,2,14,11,17,5,20,18,13,16,15,19,9
204,5,19,11,7,14,17,15,13,12,20,2,6,10,18,3,22,21,8,16,1,0,9,4
205,15,13,18,9,17,6,10,4,5,21,12,14,19,2,20,16,11,1,22,7,0,3,8
206,1,11,13,22,10,14,18,9,0,12,6,21,7,20,4,17,8,15,16,3,5,19,2
207,14,9,17,10,21,6,5,0,13,11,1,20,16,12,22,8,18,7,3,2,19,4,15
208,16,20,19,6,8,12,22,15,17,7,9,18,1,21,5,11,2,14,4,3,13,0,10
209,4,21,9,13,15,17,11,22,6,18,7,0,2,1,3,10,8,5,20,16,19,14,12
210,13,5,18,11,20,10,14,3,1,17,8,22,4,16,19,7,6,9,2,12,15,0,21
211,17,15,19,12,9,6,13,18,22,0,11,3,8,4,21,14,5,20,1,10,7,2,16
212,9,16,20,4,13,7,12,1,3,5,21,15,11,17,22,19,14,6,8,18,2,10,0
213,6,12,1,19,20,2,22,10,15,8,4,17,11,3,9,21,0,14,5,13,16,7,18
214,10,7,8,16,5,14,19,0,9,13,1,12,21,6,18,20,22,2,4,17,3,15,11
215,14,17,7,6,10,9,0,22,3,15,11,1,20,5,18,2,19,16,13,21,4,12,8
216,15,4,14,7,20,11,2,19,10,12,8,21,17,16,0,13,1,3,5,22,18,9,6
217,7,2,0,20,12,15,4,8,22,10,13,5,18,14,17,16,11,19,6,3,9,1,21
218,1,18,20,5,0,8,13,16,11,12,21,3,2,9,15,6,17,10,19,14,22,4,7
219,20,19,11,18,1,3,9,13,16,17,14,4,7,0,8,22,12,6,10,21,5,2,15
220,22,12,10,0,16,1,21,3,5,4,7,6,8,20,2,11,19,15,17,9,13,14,18
221,21,20,12,2,11,22,15,17,19,18,1,16,5,7,3,4,6,13,14,0,10,9,8
222,18,7,15,21,19,9,1,2,14,16,22,4,20,17,13,3,0,11,12,5,8,6,10
223,12,2,9,10,22,7,3,19,20,4,18,14,16,5,13,17,21,0,8,15,6,11,1
224,3,10,5,8,0,19,14,11,17,21,22,7,15,12,4,6,18,2,1,13,9,16,20
225,16,14,13,1,5,0,4,9,6,3,17,22,10,15,7,20,18,8,21,11,19,2,12
226,2,12,14,19,13,4,17,8,7,11,6,9,22,21,16,10,15,20,1,18,0,3,5
227,13,3,9,17,21,20,10,4,2,14,1,5,15,7,12,0,11,8,19,6,22,18,16
228,3,17,13,21,9,0,16,6,18,8,5,20,19,2,4,22,1,10,15,14,7,12,11
229,16,14,6,8,7,21,22,9,12,19,2,15,18,3,10,4,11,13,0,1,5,20,17
230,12,9,19,4,15,11,20,5,7,3,0,18,16,8,1,13,14,21,22,2,10,17,6
231,18,20,7,2,13,3,5,17,14,6,15,19,9,4,8,11,1,12,10,0,16,22,21
232,15,16,3,9,8,12,21,14,7,1,19,13,10,11,20,18,17,22,5,4,2,6,0
233,6,4,21,15,14,13,8,18,11,0,20,19,7,3,16,5,22,9,17,10,12,1,2
234,12,0,22,17,6,16,19,4,1,5,11,2,13,14,18,20,7,15,3,9,21,8,10
235,3,11,4,13,21,19,12,10,16,14,18,17,6,22,20,0,5,15,8,1,2,7,9
236,8,6,13,12,2,4,16,0,10,22,9,1,18,19,17,21,7,14,20,15,11,5,3
237,10,15,20,14,17,21,8,1,9,4,12,7,22,0,18,2,3,11,13,6,16,19,5
238,22,3,16,0,20,7,18,15,19,6,9,21,2,1,12,14,8,4,11,5,10,17,13
239,6,5,1,7,19,20,15,2,21,8,16,10,4,22,11,13,0,12,9,3,14,18,17
240,1,9,18,21,12,2,13,22,15,16,19,0,8,14,3,17,10,5,6,20,7,4,11
241,8,15,16,6,0,13,1,11,22,3,18,12,10,9,19,7,20,21,2,14,17,5,4
242,12,18,8,16,11,10,5,20,17,6,3,14,19,0,21,4,2,1,22,7,13,9,15
243,19,22,12,17,10,6,7,21,3,0,16,20,1,4,9,2,15,18,14,11,5,8,13
244,1,7,11,22,3,8,12,14,20,18,21,16,6,2,5,9,13,4,10,17,15,0,19
245,17,22,11,12,7,15,14,3,18,21,4,2,0,10,13,8,1,19,9,5,16,20,6
246,16,19,21,4,1,9,0,2,13,17,15,7,5,11,22,12,6,3,14,8,18,10,20
247,22,12,10,14,9,20,8,15,1,2,6,19,21,16,0,5,4,18,7,17,3,13,11
248,10,4,8,0,22,1,3,20,2,15,11,18,16,17,12,19,21,13,6,7,9,5,14
249,2,0,14,11,16,10,7,6,17,5,8,15,3,4,22,21,12,9,13,20,1,19,18
250,18,10,0,1,15,2,4,17,12,11,6,22,14,19,5,9,13,20,3,21,8,7,16
251,11,21,17,1,9,16,12,10,5,19,14,8,7,15,18,6,20,22,0,2,4,13,3
252,13,17,4,20,5,22,2,18,6,14,7,9,15,10,19,16,1,8,21,0,3,11,12
253,15,8,22,10,14,18,5,20,4,21,3,0,17,1,16,13,6,2,11,12,19,9,7
254,17,14,4,18,5,15,16,13,12,10,8,2,20,11,19,1,3,7,6,9,21,22,0
255,3,10,7,2,11,22,17,14,6,13,19,18,5,21,20,12,0,16,8,4,15,1,9
256,18,17,13,5,16,0,20,21,11,15,14,3,9,12,7,4,19,8,2,6,22,10,1
257,19,13,4,20,12,17,2,3,0,16,21,10,11,22,5,1,18,6,7,15,9,14,8
258,7,2,3,11,0,20,22,8,9,21,4,6,19,15,16,10,17,1,12,13,14,18,5
259,8,11,17,0,10,12,3,9,14,6,7,21,4,5,1,13,22,16,19,18,15,20,2
260,21,7,5,9,22,11,13,17,1,2,18,15,0,16,10,19,4,14,20,6,8,12,3
261,22,17,12,13,8,2,18,16,7,20,19,5,1,9,6,4,14,10,21,11,0,3,15
262,5,21,19,22,18,14,15,20,17,10,12,8,13,7,0,3,9,11,4,1,2,6,16
263,4,8,15,13,1,3,19,6,21,11,16,12,9,2,20,0,10,5,14,17,18,22,7
264,7,10,9,2,21,16,11,5,4,20,13,0,1,14,6,8,12,3,22,18,19,15,17
265,5,9,15,8,17,7,0,12,3,10,20,16,22,18,13,2,21,4,19,11,1,14,6
266,11,19,16,13,6,18,14,2,12,22,17,21,0,3,9,20,1,10,15,8,4,7,5
267,10,2,7,15,12,9,20,1,16,17,18,8,3,22,21,14,5,0,11,13,4,6,19
268,13,16,17,20,2,12,15,3,5,19,22,10,8,21,1,6,18,9,7,0,11,4,14
269,11,18,6,19,9,0,3,13,16,1,5,4,21,20,22,7,2,15,8,10,17,14,12
270,20,6,12,8,16,19,2,21,18,14,0,13,10,1,15,22,3,4,9,7,11,5,17
271,7,22,0,14,8,21,9,19,1,16,6,20,2,10,17,5,11,15,12,3,13,18,4
272,8,13,14,6,0,1,7,5,15,18,2,16,11,19,4,9,20,12,3,22,21,17,10
273,16,4,7,0,17,19,18,11,5,8,1,13,9,6,3,10,2,22,20,14,12,15,21
274,1,8,20,4,13,3,17,16,10,18,19,9,14,2,11,21,15,7,5,22,6,0,12
275,21,13,10,20,3,1,12,22,9,7,15,19,2,11,8,18,14,0,4,17,5,16,6
276,11,5,6,7,10,13,3,15,1,21,0,14,4,18,9,12,22,20,8,16,17,2,19
277,22,2,16,4,7,20,10,5,18,0,15,21,6,8,11,1,13,19,17,12,3,9,14
278,21,6,18,1,8,17,0,14,13,11,3,22,20,15,7,19,12,2,10,5,4,16,9
279,4,20,12,14,7,13,19,15,0,22,9,1,17,3,2,16,10,11,6,21,18,5,8
280,14,16,7,12,19,21,1,11,2,13,5,4,3,15,0,17,22,6,20,9,10,8,18
281,19,12,21,10,14,22,9,4,7,20,17,5,1,16,18,6,8,13,3,15,0,11,2
282,10,15,1,0,3,9,16,6,20,8,21,12,18,11,2,17,5,14,22,4,13,19,7
283,20,0,11,16,10,17,5,2,9,12,22,14,6,7,19,18,3,21,1,15,8,4,13
284,22,11,17,9,14,8,15,18,10,3,21,4,0,5,6,13,7,19,2,16,1,12,20
285,17,11,22,18,6,15,16,9,21,13,20,8,7,12,10,1,19,5,4,2,14,0,3
286,13,5,10,1,2,16,11,8,19,6,14,17,4,20,15,3,9,22,21,18,7,12,0
287,2,17,5,19,20,14,10,18,3,7,0,15,6,8,16,9,11,21,12,13,22,1,4
288,6,21,20,9,11,13,15,1,14,2,4,18,17,19,8,5,3,12,16,0,22,10,7
289,15,20,16,10,1,18,8,3,22,0,13,2,19,5,12,11,4,21,17,9,6,7,14
290,8,10,0,16,12,14,20,17,6,4,2,7,13,15,9,19,22,18,5,11,3,1,21
291,9,19,8,20,22,3,4,10,16,15,12,6,17,0,2,7,14,13,1,5,21,11,18
292,19,14,3,20,0,7,10,2,5,4,18,9,6,1,21,8,17,16,11,22,12,13,15
293,7,9,4,8,13,11,21,0,12,5,20,6,14,18,15,22,19,10,3,2,1,16,17
294,5,3,22,21,15,14,12,8,13,1,9,7,18,19,4,10,2,11,0,6,16,17,20
295,14,6,0,2,18,4,22,11,19,15,3,5,8,7,10,21,9,20,12,16,17,1,13
296,20,9,5,22,17,1,7,19,4,16,2,12,3,8,0,6,10,18,15,14,21,13,11
297,11,14,9,17,15,13,18,6,21,2,4,22,5,12,16,19,20,3,0,10,8,7,1
298,18,21,16,11,19,10,1,4,17,12,6,3,15,9,22,0,5,13,14,7,8,20,2
299,16,12,6,5,13,7,22,8,10,17,15,18,11,19,1,14,21,9,4,20,2,3,0
300,1,5,8,14,15,19,13,6,20,7,21,3,9,22,17,11,2,0,10,4,12,18,16
301,4,14,13,15,1,22,17,16,3,2,5,9,8,10,12,20,0,6,21,18,11,19,7
302,3,0,10,4,12,9,18,2,11,1,14,21,22,17,19,16,7,20,13,8,5,6,15
303,9,22,17,18,5,4,13,14,11,12,16,20,19,7,15,2,8,1,10,6,0,3,21
304,11,0,1,21,18,12,20,5,15,17,22,2,4,6,8,14,13,7,9,3,19,10,16
305,10,4,15,17,21,1,14,12,20,19,5,8,16,2,9,7,18,6,13,11,3,22,0
306,17,3,16,7,11,6,19,22,0,2,12,10,18,4,21,1,20,5,15,8,14,9,13
307,5,22,1,16,19,18,0,11,12,14,9,13,21,20,3,17,6,2,7,10,4,8,15
308,1,7,18,10,5,3,13,9,22,19,17,0,14,21,20,11,15,12,2,16,6,4,8
309,2,7,17,21,22,15,14,13,6,5,3,19,0,9,4,12,20,18,8,1,11,16,10
310,13,18,8,11,16,22,4,12,14,19,6,17,20,0,3,10,21,9,5,2,1,15,7
311,6,11,13,19,7,0,17,21,16,22,2,20,10,8,5,14,12,18,1,3,15,9,4
312,10,15,20,18,14,21,11,19,2,5,8,12,16,1,7,17,13,22,3,4,6,0,9
313,22,5,21,7,17,18,9,4,1,11,15,10,13,14,8,3,0,2,6,12,16,19,20
314,2,21,15,6,1,17,11,9,4,8,13,14,20,12,18,22,5,3,16,0,7,10,19
315,21,16,9,17,3,2,10,6,18,4,11,19,8,15,12,20,7,5,22,0,13,14,1
316,9,19,15,21,6,11,13,0,16,3,1,12,10,22,17,18,4,8,7,20,2,14,5
317,5,3,12,16,22,13,21,15,10,18,7,20,11,1,4,8,6,19,17,14,0,2,9
318,12,4,11,5,18,0,20,22,19,1,2,15,3,16,6,14,8,13,9,21,17,7,10
319,19,0,20,12,7,18,14,3,5,21,11,1,2,6,13,16,17,8,15,9,10,22,4
320,15,9,19,4,6,21,17,10,11,3,20,13,1,0,7,2,14,5,16,12,22,8,18
321,1,4,14,11,2,18,22,20,9,6,12,17,5,21,10,0,3,16,19,8,7,15,13
322,6,16,9,15,21,4,2,18,3,10,1,8,7,5,13,12,0,14,19,20,11,22,17
323,21,18,10,12,8,16,7,17,14,0,4,6,13,20,1,22,19,2,9,5,15,11,3
324,8,12,4,10,16,15,0,19,17,18,7,21,14,6,2,5,11,3,20,22,9,1,13
325,19,8,3,14,22,10,9,1,0,15,5,4,16,11,21,13,18,6,2,7,17,20,12
326,12,2,6,22,3,19,8,16,1,20,4,10,0,14,11,7,9,21,15,5,18,13,17
327,4,0,14,1,9,20,16,12,19,3,21,6,2,17,22,18,10,15,5,13,7,8,11
328,10,9,3,20,0,8,19,21,15,7,16,22,4,5,17,18,12,11,13,2,14,6,1
329,16,13,22,15,19,0,11,3,20,14,8,7,10,18,6,21,2,1,9,17,4,12,5
330,22,16,5,1,15,12,10,0,7,17,19,2,21,8,20,9,13,4,11,18,14,3,6
331,17,18,19,16,6,22,7,13,12,3,14,9,20,4,5,11,1,10,21,15,8,2,0
332,2,13,21,8,1,14,19,11,7,22,15,3,17,20,10,12,4,9,6,5,0,18,16
333,18,14,10,9,2,6,8,5,7,21,13,20,15,11,19,3,17,16,0,4,22,12,1
334,13,15,11,5,21,2,18,3,4,10,20,1,8,0,9,6,22,7,17,12,19,16,14
335,7,6,12,22,10,1,18,20,19,5,11,16,9,17,13,4,14,0,2,21,3,8,15
336,20,22,3,7,18,8,17,10,2,1,13,0,6,21,9,16,19,4,14,15,5,11,12
337,14,3,21,6,12,19,1,9,2,7,17,22,0,18,4,8,10,15,16,20,11,13,5
338,4,11,18,13,7,0,5,21,12,22,1,20,14,10,2,8,15,6,19,16,9,17,3
339,12,8,5,2,20,16,4,0,1,13,7,3,19,14,10,22,17,9,11,6,15,18,21
340,18,10,0,4,6,2,21,15,22,11,9,14,13,7,16,8,1,12,17,3,19,5,20
341,9,6,14,19,11,8,7,4,20,10,18,5,17,2,21,3,22,0,12,1,13,15,16
342,20,18,6,9,16,10,1,19,14,21,17,7,4,3,0,5,15,2,8,13,12,22,11
343,15,13,8,11,3,21,2,18,6,17,0,12,5,14,20,7,4,22,10,9,1,16,19
344,17,7,0,21,6,9,15,20,3,8,19,13,22,10,18,12,5,16,14,1,11,4,2
345,6,12,22,19,17,4,13,2,21,7,0,15,18,16,11,9,8,10,1,20,14,3,5
346,16,2,4,5,18,15,8,14,13,6,19,0,7,11,12,10,9,3,20,22,21,1,17
347,3,5,21,17,2,7,13,12,14,20,22,18,9,6,8,11,15,1,0,16,10,19,4
348,14,20,11,0,22,6,16,21,15,12,17,7,1,4,13,18,2,8,19,10,5,3,9
349,8,5,7,10,11,17,9,16,22,4,0,19,21,15,1,20,13,12,3,14,18,2,6
350,5,6,1,19,8,7,17,22,11,14,9,21,15,12,0,2,10,16,13,4,3,20,18
351,9,19,11,17,12,20,22,10,0,4,16,6,3,2,15,13,21,14,5,1,7,18,8
352,4,17,19,6,18,1,14,13,15,20,3,10,21,8,7,0,11,5,22,2,16,12,9
353,7,20,0,2,8,14,3,1,18,16,5,10,17,19,22,13,9,15,6,21,4,11,12
354,16,10,20,1,14,17,2,18,9,13,7,4,8,21,5,19,3,0,22,11,12,15,6
355,21,15,9,12,20,3,0,19,14,11,16,5,10,18,1,17,8,22,4,13,6,7,2
356,3,4,18,9,16,12,0,15,13,17,6,8,2,22,11,1,7,21,20,5,10,14,19
357,18,21,22,12,13,3,20,14,10,0,8,2,5,4,7,11,6,1,15,17,19,9,16
358,20,10,3,13,18,22,19,16,6,5,14,17,11,9,12,2,4,7,21,15,8,0,1
359,17,13,7,6,11,9,8,22,21,15,2,16,0,20,3,4,1,18,5,14,12,10,19
360,10,7,4,8,15,12,21,17,11,1,18,3,16,9,19,14,2,20,22,0,13,5,6
361,1,15,3,18,14,10,5,8,2,6,20,17,7,0,13,21,9,19,12,11,22,16,4
362,12,8,5,15,9,10,0,14,16,22,4,1,18,17,21,19,6,3,20,7,2,13,11
363,3,2,21,19,10,18,12,1,13,0,15,8,20,5,16,4,11,9,7,22,6,17,14
364,14,22,19,20,0,8,9,15,18,16,7,1,13,12,3,2,4,11,21,17,5,6,10
365,2,9,15,12,21,19,5,0,10,14,13,4,11,6,8,7,17,22,16,18,1,20,3
366,11,16,8,10,19,15,7,6,9,12,21,22,14,3,20,1,0,4,17,13,18,5,2
367,6,11,13,18,7,17,14,8,20,22,1,9,3,16,5,10,12,19,2,15,21,0,4
368,15,17,18,22,5,12,4,9,7,0,11,14,1,10,6,13,19,8,16,21,3,2,20
369,17,20,16,18,10,11,8,12,5,2,19,0,22,14,3,6,21,13,7,1,9,4,15
370,2,14,16,0,3,4,20,11,12,19,22,13,7,10,17,9,18,5,15,8,6,1,21
371,9,20,5,16,14,6,11,4,0,10,2,15,3,1,18,21,12,19,13,22,8,17,7
372,6,4,14,8,3,20,12,5,15,13,0,16,2,22,21,19,11,18,1,9,17,7,10
373,4,19,8,7,13,21,22,17,9,11,16,18,6,1,5,10,15,14,3,20,0,2,12
374,5,11,12,21,1,22,10,2,7,16,18,19,9,3,6,4,14,20,13,17,15,0,8
375,13,6,14,0,5,20,21,11,22,4,3,12,1,9,19,16,7,15,8,18,2,10,17
376,11,3,1,22,9,0,16,20,19,21,14,4,8,12,17,10,5,7,6,2,18,15,13
377,7,21,11,13,19,6,2,4,15,1,12,22,17,18,3,0,20,8,10,9,16,5,14
378,15,18,12,10,2,8,3,13,21,16,1,14,11,0,4,5,6,20,9,7,22,19,17
379,6,9,21,2,17,13,16,3,4,15,22,10,5,7,12,1,18,11,0,8,14,20,19
380,8,2,13,7,14,9,15,22,16,19,3,5,1,21,4,20,12,10,11,18,17,6,0
381,22,12,9,10,16,14,4,0,17,2,13,7,18,1,15,8,21,6,11,3,19,5,20
382,19,10,5,1,21,7,17,22,11,20,4,9,6,15,2,0,3,18,14,12,16,13,8
383,12,3,10,15,2,16,1,17,14,13,5,19,11,20,8,7,18,9,22,6,21,4,0
384,8,12,6,14,5,13,10,16,18,3,11,21,15,2,9,17,4,22,19,0,7,20,1
385,9,22,14,6,20,19,3,17,1,11,12,2,4,5,15,21,8,16,7,10,13,0,18
386,14,17,0,11,12,9,3,15,13,18,4,1,16,19,2,22,5,20,10,21,6,8,7
387,22,0,7,5,17,4,9,19,10,21,12,13,14,15,1,20,18,3,2,16,8,6,11
388,13,15,4,14,10,2,11,18,7,8,1,5,19,9,22,16,20,12,6,0,3,17,21
389,1,5,17,4,0,11,20,13,2,12,8,18,15,16,21,6,3,7,9,22,14,10,19
390,4,8,17,5,9,3,12,20,18,14,21,7,6,11,16,19,22,2,0,10,1,13,15
391,17,6,20,16,11,1,15,10,19,18,9,3,2,8,4,13,0,7,5,14,12,22,21
392,10,19,1,13,15,8,7,6,17,21,20,16,9,5,11,22,12,18,14,4,0,2,3
393,18,7,9,2,20,14,19,13,22,4,17,5,0,6,16,1,3,21,8,12,15,11,10
394,3,0,6,1,21,11,22,14,5,19,16,15,20,17,2,9,13,8,10,4,18,12,7
395,19,21,5,12,22,4,11,10,17,8,13,0,18,16,7,3,15,1,20,6,2,14,9
396,4,20,16,17,1,7,21,11,6,19,15,9,13,3,18,5,8,14,22,12,10,0,2
397,5,9,15,8,17,7,0,12,3,10,20,16,22,18,13,2,21,4,19,11,1,14,6
398,18,17,3,13,7,15,22,21,9,5,8,20,2,6,1,16,14,0,11,10,4,19,12
399,11,7,17,8,13,21,5,9,14,2,6,4,19,22,16,18,0,10,1,3,12,20,15
400,2,11,8,19,16,18,1,3,21,7,0,13,20,4,17,14,10,5,6,15,9,22,12
401,3,13,19,15,12,22,18,1,6,10,17,14,5,2,9,8,20,16,4,11,21,7,0
402,21,10,13,18,8,16,20,5,0,15,22,2,9,6,3,14,7,19,12,17,1,4,11
403,16,14,4,12,1,19,7,0,10,6,3,17,22,20,5,21,9,15,2,13,11,8,18
404,13,15,18,5,0,22,19,8,9,20,14,12,21,7,4,6,17,3,1,16,11,10,2
405,9,22,4,16,15,10,18,21,1,14,7,8,19,2,0,3,17,11,13,6,5,12,20
406,10,21,7,22,9,8,16,0,11,17,18,6,5,14,1,12,19,2,4,20,13,15,3
407,20,13,1,8,11,12,22,5,4,16,15,14,2,21,10,17,6,9,0,7,18,3,19
408,15,16,12,7,6,2,10,20,0,22,5,14,4,9,19,11,21,13,8,1,3,18,17
409,12,4,22,6,0,3,1,2,20,5,14,21,8,17,10,19,18,16,15,7,9,13,11
410,1,3,20,9,2,15,8,6,5,7,16,19,21,22,0,12,14,18,10,17,4,11,13
411,7,19,8,5,13,21,17,4,3,14,2,1,15,12,20,11,10,6,22,9,16,18,0
412,16,9,19,20,8,11,15,1,21,13,3,18,10,0,17,4,5,14,12,22,2,7,6
413,5,0,17,4,10,18,21,8,15,11,6,22,3,19,12,9,13,1,14,2,7,16,20
414,20,16,10,2,19,0,3,13,18,6,12,1,11,8,7,14,17,22,15,5,4,9,21
415,2,8,18,21,20,17,15,3,0,22,7,6,19,12,11,16,9,13,5,4,10,1,14
416,13,12,1,22,7,6,18,19,2,4,9,17,3,10,21,0,20,14,16,8,15,11,5
417,12,14,6,15,10,9,13,21,16,2,19,0,17,22,18,5,7,11,1,3,8,20,4
418,11,18,9,0,13,20,3,4,12,15,22,6,16,14,19,10,1,21,2,8,5,7,17
419,14,8,10,1,22,21,9,2,16,6,5,15,13,4,17,20,0,12,11,18,19,3,7
420,20,17,0,9,21,6,14,5,12,13,11,10,22,15,7,18,2,8,3,4,1,19,16
421,19,2,14,17,15,16,5,12,7,1,3,13,9,18,20,21,11,22,0,4,10,6,8
422,15,3,12,19,5,22,16,18,21,13,0,20,14,4,8,2,6,10,7,11,17,1,9
423,17,21,22,11,14,10,12,16,20,8,13,9,2,7,0,19,4,15,5,6,3,18,1
424,14,22,15,10,3,1,17,4,16,0,8,19,13,5,20,7,12,21,6,2,11,9,18
425,6,8,17,4,18,13,5,12,22,16,1,3,7,20,9,14,11,19,21,15,0,2,10
426,12,18,15,16,2,7,10,6,21,3,17,8,0,11,20,22,1,4,9,14,13,19,5
427,3,2,16,14,19,12,4,17,13,10,9,18,21,7,15,6,5,0,11,8,22,1,20
428,18,6,8,9,5,1,2,19,4,20,15,0,17,10,11,16,7,12,3,21,22,14,13
429,22,10,4,13,9,2,0,16,5,7,8,20,1,21,6,18,19,3,15,14,11,17,12
430,9,11,20,14,1,19,5,0,22,12,21,6,15,3,2,18,10,13,16,7,17,4,8
431,1,4,11,7,6,14,20,3,15,18,17,2,9,16,22,12,8,10,19,13,21,0,5
432,5,13,18,1,7,20,2,8,3,19,21,22,6,0,15,10,14,11,17,12,16,9,4
433,19,11,22,16,10,12,4,9,17,8,20,15,18,1,5,7,0,6,13,21,2,3,14
434,10,4,12,6,20,0,1,11,2,15,21,17,22,16,9,13,19,7,14,5,18,8,3
435,8,19,3,13,16,17,7,15,4,12,2,10,14,20,18,0,21,5,1,9,22,6,11
436,21,16,0,8,9,15,19,10,17,7,20,3,5,11,6,4,22,1,12,18,14,2,13
437,4,2,19,0,17,3,8,20,11,1,6,21,10,18,12,14,5,22,13,7,15,16,9
438,22,17,21,11,8,0,13,18,9,6,19,4,16,5,2,12,1,20,10,14,7,3,15
439,11,12,15,2,3,8,17,6,10,14,4,16,20,18,0,5,1,19,7,13,9,22,21
440,15,14,11,21,6,10,2,1,20,3,12,5,4,22,19,8,18,13,17,0,7,16,9
441,21,5,14,6,22,1,15,17,13,0,2,12,8,10,3,4,9,16,20,11,19,7,18
442,1,15,20,21,12,2,9,11,18,16,22,19,17,14,10,5,13,6,8,3,0,4,7
443,8,0,1,10,3,9,21,14,11,17,19,13,20,15,18,7,6,4,22,16,12,5,2
444,16,20,9,7,5,3,11,2,1,18,17,6,22,19,12,0,14,4,21,8,13,10,15
445,18,16,13,11,19,7,12,9,10,3,2,21,4,8,1,17,22,14,6,20,5,15,0
446,5,8,3,20,14,16,18,10,4,11,6,17,15,7,22,9,13,0,21,1,2,12,19
447,12,6,18,9,15,20,5,8,13,4,11,1,7,17,21,3,22,2,14,0,10,19,16
448,10,5,1,15,11,13,14,12,3,16,18,7,21,20,0,17,4,9,8,2,19,22,6
449,8,20,9,5,22,2,19,14,6,1,7,0,16,18,13,21,12,3,4,17,15,11,10
450,14,10,6,18,11,17,16,20,21,5,4,12,0,9,7,22,19,8,2,15,13,3,1
451,7,18,22,17,0,11,12,21,5,19,9,8,14,3,10,20,15,2,16,13,4,1,6
452,4,11,13,14,21,18,0,22,2,17,12,10,7,6,16,1,3,19,9,20,8,15,5
453,7,12,15,2,13,4,20,19,22,10,18,5,3,21,11,9,8,6,1,14,0,17,16
454,16,7,5,17,10,19,21,15,6,22,0,3,18,4,8,20,13,1,14,2,9,12,11
455,17,0,16,20,12,4,13,21,19,18,8,15,5,2,3,22,7,9,11,10,6,1,14
456,4,15,0,6,8,13,16,9,17,20,7,22,3,12,19,1,2,11,5,10,14,18,21
457,16,13,11,22,20,1,4,18,14,2,19,9,10,5,15,21,0,12,7,6,8,17,3
458,6,7,3,17,8,21,1,16,19,15,14,2,5,9,4,10,11,22,20,18,0,13,12
459,20,14,19,1,17,15,0,2,13,12,22,18,11,16,5,6,3,7,21,9,10,4,8
460,8,6,15,4,9,7,14,12,22,5,11,20,1,19,17,13,2,10,16,3,21,0,18
461,7,19,12,14,18,4,21,5,0,11,13,2,6,1,16,17,10,20,9,22,3,8,15
462,3,19,21,18,11,22,16,4,14,8,15,17,10,2,13,12,20,1,0,5,6,9,7
463,15,10,20,12,1,9,11,22,3,0,14,7,21,19,18,13,4,16,8,6,17,5,2
464,6,13,10,0,2,11,21,3,18,1,5,16,4,9,8,19,15,14,12,20,22,7,17
465,22,2,6,5,12,20,17,11,1,8,16,19,13,0,21,18,10,7,3,15,4,14,9
466,17,10,7,8,16,0,9,19,2,21,18,4,6,3,22,20,12,13,5,14,11,15,1
467,21,22,9,11,1,10,19,5,17,6,3,18,0,12,13,2,14,15,4,16,7,8,20
468,11,7,5,9,16,1,4,2,18,19,8,20,14,0,6,3,17,21,22,12,15,10,13
469,10,9,7,20,5,18,2,8,14,22,13,6,19,1,0,12,3,15,17,21,16,11,4
470,19,14,13,5,21,16,4,1,6,10,11,3,7,17,2,0,8,18,15,22,12,9,20
471,14,21,16,0,20,9,13,10,1,7,19,15,18,22,11,3,2,12,4,17,5,6,8
472,22,7,0,2,15,11,14,17,19,21,6,16,8,4,12,18,9,20,13,3,1,5,10
473,18,20,7,12,19,6,15,3,9,0,1,8,13,2,22,4,5,21,10,11,14,17,16
474,3,9,17,15,6,14,5,20,13,18,16,12,1,8,2,11,4,0,19,10,22,7,21
475,19,17,12,16,0,21,9,13,6,7,2,5,11,3,10,8,22,20,4,1,15,18,14
476,1,3,6,0,8,12,17,16,10,2,5,9,22,14,7,20,18,11,15,4,21,13,19
477,11,16,4,21,12,17,22,15,2,13,3,14,19,10,8,1,6,5,0,20,9,7,18
478,9,14,8,22,17,20,3,19,0,11,21,4,2,7,18,13,1,10,6,16,12,15,5
479,7,12,16,19,5,21,10,0,18,4,1,22,13,8,9,11,2,3,20,6,17,14,15
480,2,15,22,9,7,14,10,19,17,12,5,1,20,6,16,0,11,4,3,21,13,18,8
481,20,8,14,12,3,19,11,15,5,16,4,21,10,22,13,9,6,0,7,17,18,2,1
482,8,4,21,19,14,2,3,18,10,20,9,1,5,15,7,11,12,13,17,0,6,22,16
483,14,17,19,13,22,3,0,6,5,2,15,7,8,11,12,18,20,1,21,9,4,16,10
484,2,19,22,11,9,13,1,5,4,18,20,8,21,17,6,14,15,12,7,10,16,0,3
485,13,11,20,6,1,15,18,19,22,17,12,14,3,21,9,10,7,2,16,5,8,4,0
486,15,21,4,7,13,17,22,0,11,8,1,18,14,19,3,16,20,9,6,5,2,10,12
487,9,5,0,13,15,6,8,10,1,17,22,4,7,3,20,21,18,11,2,12,16,19,14
488,2,22,19,10,9,3,7,14,21,0,18,16,15,1,8,6,13,20,12,11,5,17,4
489,20,3,16,4,19,22,10,13,15,18,14,7,9,12,6,21,0,8,11,1,17,5,2
490,21,18,1,15,17,8,7,16,19,5,11,22,0,10,4,9,3,2,14,12,6,20,13
491,6,7,10,18,2,4,9,1,12,8,13,3,20,16,11,17,5,0,22,21,19,14,15
492,3,15,11,17,6,19,20,2,14,13,8,0,16,9,1,10,4,21,12,7,5,22,18
493,13,4,5,11,16,7,20,6,0,22,21,9,18,17,19,2,8,15,3,14,12,10,1
494,11,2,21,18,0,6,13,12,20,14,9,8,22,4,17,1,10,5,19,16,3,15,7
495,10,20,14,21,13,16,22,9,17,4,8,1,11,15,3,5,19,6,2,18,7,12,0
496,21,16,9,22,6,1,12,20,11,4,0,10,19,3,5,2,15,18,8,7,14,13,17
497,13,15,11,14,3,18,2,22,7,5,17,12,8,1,20,0,19,4,10,21,9,16,6
498,17,9,7,2,21,13,19,1,16,12,8,0,22,20,18,5,11,3,14,15,10,6,4
499,4,22,6,8,12,0,3,9,13,19,15,14,17,5,21,7,1,16,20,18,2,11,10
500,12,17,10,5,14,9,4,11,15,1,3,13,8,18,0,6,7,19,16,22,21,20,2
501,8,16,11,4,10,12,9,6,20,7,13,5,1,14,15,22,17,21,19,2,0,18,3
502,4,3,18,16,0,14,11,20,22,10,17,21,15,2,6,8,19,7,5,13,1,9,12
503,16,5,3,6,22,11,18,13,1,21,0,17,9,8,7,4,10,14,12,2,19,20,15
504,16,13,17,20,18,19,1,11,12,2,7,15,4,3,5,10,22,0,21,9,6,14,8
505,19,21,8,15,2,13,5,3,11,14,7,9,0,6,10,16,17,4,1,12,18,22,20
506,5,4,18,19,1,22,7,8,9,6,20,13,17,14,16,3,15,2,10,21,0,12,11
507,1,2,20,17,11,18,10,4,6,3,16,21,14,8,15,5,22,9,13,0,12,7,19
508,18,16,3,0,22,8,15,10,4,20,14,12,1,17,5,2,21,11,13,7,6,19,9
509,9,8,5,14,2,10,0,22,7,3,4,17,11,12,13,19,18,15,20,1,21,16,6
510,5,11,12,10,7,17,1,14,13,15,6,2,20,16,4,19,0,3,9,22,8,18,21
511,7,9,21,2,16,0,19,17,12,5,18,4,6,20,1,3,8,10,22,15,14,13,11
512,9,6,22,7,18,15,5,13,21,20,12,16,3,4,2,17,10,14,19,0,11,8,1
513,6,10,17,2,11,16,8,12,4,1,22,13,15,21,18,14,20,7,0,9,19,3,5
514,21,9,18,20,13,14,17,8,3,12,1,0,16,7,22,6,11,19,2,15,5,4,10
515,20,3,8,16,7,12,14,18,11,22,21,5,10,6,4,9,13,15,0,17,1,2,19
516,18,0,14,15,10,8,22,16,12,7,6,9,4,19,2,20,21,5,1,3,11,17,13
517,20,17,9,22,5,11,10,21,18,15,19,6,2,3,1,8,14,0,7,16,13,12,4
518,16,14,1,19,20,12,18,4,17,11,5,3,8,0,13,7,21,10,15,9,22,6,2
519,22,3,17,13,18,19,1,16,15,10,9,20,21,7,11,12,6,4,8,5,2,0,14
520,14,12,9,18,8,3,13,15,19,21,16,0,6,10,22,4,11,2,17,1,7,20,5
521,15,7,14,12,2,11,8,5,0,16,20,19,17,22,10,13,6,3,9,4,21,1,18
522,1,18,19,10,7,22,11,21,16,15,2,14,20,9,6,12,0,13,4,8,3,5,17
523,10,15,5,6,13,21,8,22,2,14,12,7,19,11,20,16,17,9,3,1,18,4,0
524,19,13,3,8,20,14,9,22,5,0,17,2,18,4,12,1,7,21,15,6,10,11,16
525,13,5,6,11,3,20,17,0,22,15,4,10,7,19,18,2,12,16,21,8,1,9,14
526,12,20,13,4,19,2,5,11,3,17,1,18,21,0,7,14,22,6,8,16,15,10,9
527,4,9,22,0,15,10,21,17,20,16,14,8,2,7,19,18,1,12,5,13,11,3,6
528,5,3,10,17,22,7,20,19,2,13,0,4,14,15,21,8,9,1,12,18,16,6,11
529,2,0,13,4,8,6,14,1,7,19,3,22,5,20,16,11,21,12,10,17,9,15,18
530,3,12,21,5,14,20,13,18,4,0,15,17,9,16,1,7,2,10,6,11,8,22,19
531,14,5,15,12,21,16,2,20,1,11,18,19,13,10,0,3,17,22,7,8,9,6,4
532,10,19,1,13,15,8,7,6,17,21,20,16,9,5,11,22,12,18,14,4,0,2,3
533,11,21,7,22,10,15,20,18,6,1,9,5,2,14,17,0,19,8,13,3,16,12,4
534,17,11,8,1,16,20,21,0,9,12,7,3,19,18,10,22,14,6,4,13,15,5,2
535,1,18,13,0,9,22,15,14,7,11,2,21,3,12,6,19,5,16,17,20,4,10,8
536,15,6,0,21,3,18,19,11,14,10,1,2,13,4,8,5,9,22,20,7,17,16,12
537,8,22,21,7,18,15,2,17,10,13,16,12,4,6,19,20,0,5,9,14,3,1,11
538,3,13,4,10,0,7,16,14,12,20,11,22,17,6,9,18,15,1,19,5,21,8,2
539,21,19,7,20,11,4,14,17,3,6,13,8,10,1,15,9,5,12,16,22,18,2,0
540,13,14,15,6,17,21,12,4,0,3,2,20,9,18,22,16,10,7,8,11,5,19,1
541,18,12,10,19,9,14,4,1,16,3,7,15,6,2,5,11,13,20,17,22,8,0,21
542,22,8,20,12,3,13,0,19,9,7,11,6,16,21,2,17,1,18,15,10,14,4,5
543,12,7,4,9,17,0,22,21,6,18,16,15,5,19,3,1,20,2,11,14,10,8,13
544,17,4,6,12,11,18,1,2,16,14,19,5,13,9,15,7,21,8,0,10,22,3,20
545,7,15,18,21,5,17,20,1,16,22,6,13,0,11,9,8,19,10,4,3,12,2,14
546,5,21,12,1,14,9,22,13,10,19,0,17,11,16,20,6,18,4,7,15,2,8,3
547,11,12,14,8,0,16,13,3,20,1,4,2,15,22,21,10,7,5,19,6,18,9,17
548,20,17,0,9,21,6,14,5,12,13,11,10,22,15,7,18,2,8,3,4,1,19,16
549,19,20,11,16,8,3,15,10,14,17,9,12,18,2,1,5,4,0,22,21,7,13,6
550,1,6,10,11,14,2,3,12,19,22,8,7,20,0,16,17,5,9,21,4,13,18,15
551,18,0,19,7,13,1,4,9,15,3,21,2,16,22,8,14,10,11,6,20,12,17,5
552,2,16,12,11,20,10,18,13,7,21,22,19,1,8,6,4,9,15,14,0,5,3,17
553,13,10,17,22,6,12,16,3,5,15,14,18,8,21,4,20,1,0,2,9,7,11,19
554,3,21,18,2,1,6,16,15,22,4,5,17,0,10,11,19,20,13,12,8,9,14,7
555,22,2,16,4,7,20,10,5,18,0,15,21,6,8,11,1,13,19,17,12,3,9,14
556,15,2,19,16,18,22,9,20,1,4,17,6,7,0,10,21,8,14,5,11,13,12,3
557,8,0,4,18,19,7,14,22,13,6,12,20,10,16,15,11,3,1,9,5,17,2,21
558,6,14,7,8,12,9,11,0,4,20,22,15,18,21,3,2,1,5,17,16,19,13,10
559,17,3,21,14,20,9,12,2,15,18,19,16,6,7,0,13,4,8,1,10,22,5,11
560,16,22,20,5,21,11,7,0,10,17,18,1,4,8,12,19,9,14,3,2,6,15,13
561,10,9,11,1,3,15,2,4,19,5,20,12,13,17,8,21,14,7,6,18,0,22,16
562,7,14,6,20,22,21,3,12,10,8,15,13,1,5,11,4,0,18,2,17,19,16,9
563,22,18,10,9,0,1,17,16,21,19,6,4,8,12,5,13,11,3,15,2,14,7,20
564,21,4,0,15,5,17,7,8,2,11,19,20,3,14,9,12,18,22,16,13,10,1,6
565,5,6,14,21,16,13,19,9,20,8,22,15,3,1,17,2,12,18,0,11,4,10,7
566,4,8,18,0,10,22,9,21,5,2,3,14,11,15,13,1,17,19,7,6,16,20,12
567,2,15,3,8,19,1,22,14,10,12,13,9,7,18,17,0,6,21,11,20,4,5,16
568,10,8,13,2,21,4,11,12,17,3,5,7,0,9,19,16,14,22,20,1,15,6,18
569,4,11,16,19,22,18,0,6,3,21,9,1,17,20,12,13,5,8,10,7,2,14,15
570,9,13,12,17,6,16,8,0,18,5,1,3,19,2,21,7,15,20,14,22,10,11,4
571,16,22,9,4,18,20,3,15,7,14,21,19,11,1,0,17,8,6,13,12,5,2,10
572,7,16,5,17,12,4,15,14,21,1,8,6,22,19,20,10,18,13,3,2,11,9,0
573,8,18,4,5,16,17,21,10,2,6,12,1,7,14,22,20,15,9,11,3,13,0,19
574,1,20,9,10,11,12,21,2,13,15,14,0,19,22,4,18,3,16,5,8,6,17,7
575,6,5,4,22,10,8,1,3,9,2,17,13,15,11,19,16,7,18,20,0,21,12,14
576,13,7,1,18,20,3,15,9,16,10,0,22,2,5,8,17,4,12,19,21,14,6,11
577,2,20,8,19,17,0,18,11,5,12,4,3,14,6,21,7,13,9,16,15,10,22,1
578,15,11,22,7,1,2,12,8,4,5,6,20,13,17,9,3,0,16,14,10,18,19,21
579,18,20,0,1,2,17,12,15,11,13,19,21,16,10,7,6,22,14,4,9,3,5,8
580,12,19,6,17,5,10,16,13,0,18,22,9,14,3,7,8,20,11,21,4,2,1,15
581,22,2,11,14,6,16,8,21,9,0,5,13,18,15,20,10,19,4,1,7,17,12,3
582,14,0,22,13,16,2,5,8,20,7,4,21,19,11,6,9,17,15,10,1,12,3,18
583,1,13,15,16,17,3,0,6,19,10,18,2,4,21,22,8,14,20,9,5,7,11,12
584,7,5,17,14,0,6,21,20,22,8,15,18,10,2,16,11,3,19,12,13,1,4,9
585,14,19,7,6,5,11,1,18,15,16,21,4,2,9,17,22,10,12,0,8,3,20,13
586,12,10,20,8,17,4,5,21,6,3,13,18,1,7,2,9,11,0,22,14,15,19,16
587,21,6,13,12,9,19,18,10,3,14,11,16,22,0,7,5,8,4,15,20,17,1,2
588,11,19,10,18,12,7,17,1,0,20,16,3,2,15,4,21,13,5,8,6,22,14,9
589,5,0,22,21,1,14,10,12,16,2,3,9,19,20,13,4,6,7,11,18,8,15,17
590,20,18,5,14,7,9,3,17,12,0,8,22,21,15,1,11,2,19,6,10,16,13,4
591,19,9,16,15,22,14,11,5,0,13,20,10,6,4,21,2,3,1,7,12,18,17,8
592,9,10,3,12,15,13,20,22,19,16,4,5,11,14,18,7,8,21,17,1,2,6,0
593,4,21,1,19,7,15,2,18,13,8,14,3,16,17,5,0,12,22,11,6,9,20,10
594,14,22,20,16,13,2,19,6,11,4,12,8,3,9,15,5,7,18,1,17,21,10,0
595,19,11,12,9,2,10,13,16,14,1,15,6,21,0,4,8,5,7,20,3,22,18,17
596,22,3,19,1,11,4,8,0,21,6,13,16,9,18,12,17,14,10,5,2,15,7,20
597,6,13,8,10,15,3,4,2,17,18,22,14,21,9,0,12,7,5,19,20,16,11,1
598,17,4,20,13,14,12,15,9,18,22,2,3,16,1,10,19,6,21,11,7,0,8,5
599,21,8,15,4,1,10,3,17,6,7,0,18,9,12,5,22,20,14,2,16,11,19,13
600,8,6,21,11,1,13,22,5,9,15,16,7,17,20,4,14,2,3,10,0,19,12,18
601,15,12,17,20,18,6,0,1,2,5,9,13,22,11,3,14,19,10,8,16,4,7,21
602,12,10,1,7,8,4,14,22,21,20,3,15,0,5,19,16,17,2,6,18,13,9,11
603,18,12,9,6,13,2,17,16,1,3,7,4,5,10,8,21,15,11,19,14,22,0,20
604,14,21,1,20,19,8,4,12,15,10,18,5,7,11,0,3,9,13,16,6,17,22,2
605,19,17,16,1,10,21,15,11,4,14,6,0,5,8,18,13,20,12,22,7,9,2,3
606,3,5,11,15,14,0,9,18,13,2,8,12,20,6,16,1,19,22,21,4,7,17,10
607,10,4,14,2,22,19,11,15,5,16,13,18,17,12,9,6,1,21,20,3,0,8,7
608,6,22,15,9,2,7,20,13,21,0,14,19,10,4,17,1,3,18,12,11,5,16,8
609,1,15,18,11,6,0,7,20,9,22,3,14,21,16,10,4,12,2,5,13,8,17,19
610,13,9,7,5,19,8,2,3,20,10,17,15,4,18,1,0,22,6,16,11,21,12,14
611,21,17,6,13,12,14,11,10,1,4,7,2,5,19,3,9,18,16,0,22,8,15,20
612,20,5,10,6,11,21,3,4,16,22,0,19,8,18,15,14,9,1,2,17,12,13,7
613,8,13,7,19,5,16,9,14,11,2,21,10,15,17,22,20,4,12,1,0,3,18,6
614,4,22,3,13,10,19,18,2,7,17,14,1,15,21,6,5,8,0,9,16,11,20,12
615,11,4,16,21,13,18,17,8,3,15,22,7,14,19,20,12,1,6,2,9,10,0,5
616,22,7,0,2,15,11,14,17,19,21,6,16,8,4,12,18,9,20,13,3,1,5,10
617,4,14,8,1,16,9,13,6,7,10,20,17,11,5,2,0,21,3,22,12,15,18,19
618,11,14,5,10,17,21,7,16,20,19,1,22,18,3,13,4,2,15,8,0,9,6,12
619,17,2,13,22,21,8,10,20,4,5,7,9,16,1,0,11,12,19,15,18,14,3,6
620,7,15,19,0,3,1,11,21,12,17,5,18,20,22,9,8,13,10,14,6,2,4,16
621,2,19,6,1,3,7,0,14,17,4,21,8,18,20,11,10,22,9,12,15,13,16,5
622,10,16,14,11,9,15,5,2,18,17,12,20,0,8,4,1,21,22,7,13,6,19,3
623,3,21,17,5,7,2,11,4,22,14,16,0,1,12,18,6,10,13,8,15,19,20,9
624,18,2,0,6,20,17,19,8,14,12,7,22,13,11,21,9,4,5,3,10,15,16,1
625,5,19,9,18,8,7,21,15,12,6,11,0,3,10,22,20,1,2,4,16,17,13,14
626,2,11,21,17,8,13,12,22,10,20,18,15,4,6,5,16,19,3,1,9,7,14,0
627,9,8,11,7,14,1,20,2,17,13,19,6,21,3,10,22,5,15,16,12,0,4,18
628,22,20,12,21,15,14,16,10,9,18,11,19,17,7,2,6,8,13,0,5,3,1,4
629,15,0,4,16,1,17,14,5,20,7,2,12,6,18,19,3,21,11,13,22,10,9,8
630,13,18,8,11,16,22,4,12,14,19,6,17,20,0,3,10,21,9,5,2,1,15,7
631,12,21,14,18,6,16,19,3,22,1,13,5,10,9,17,7,0,20,15,8,4,11,2
632,16,12,17,4,14,18,1,19,3,15,0,13,22,9,5,20,6,7,2,21,11,10,8
633,6,14,18,20,19,10,16,4,5,8,21,7,3,2,9,12,15,0,13,11,17,22,1
634,20,8,22,14,18,15,21,9,0,12,1,10,2,16,13,17,7,5,4,6,11,3,19
635,16,3,7,15,21,18,13,11,6,2,12,19,9,22,20,8,10,14,17,1,5,4,0
636,14,6,3,22,2,16,8,15,5,12,18,20,4,21,1,9,11,13,7,17,19,0,10
637,7,18,16,0,9,13,22,6,2,21,15,10,1,11,19,3,20,8,14,17,12,4,5
638,20,12,9,16,3,19,18,13,21,11,0,14,2,10,15,22,1,4,17,5,6,8,7
639,13,21,19,18,20,0,5,14,11,6,16,1,22,7,8,2,3,10,9,12,4,17,15
640,12,15,22,7,9,6,10,16,4,5,14,20,1,8,17,19,11,2,3,0,18,13,21
641,6,7,16,13,12,3,4,8,15,11,20,5,2,14,18,21,17,19,1,9,22,10,0
642,19,8,15,1,11,20,12,0,4,17,5,21,10,3,16,7,13,9,6,22,2,14,18
643,17,6,3,10,0,8,9,21,1,16,19,2,4,22,15,13,12,11,5,20,14,18,7
644,22,17,5,14,18,12,16,19,15,4,9,1,0,11,7,10,2,3,20,21,13,8,6
645,8,4,13,15,10,9,17,11,18,20,16,21,6,0,12,19,7,14,22,1,5,3,2
646,6,13,21,2,12,10,15,9,19,4,20,7,14,5,1,3,18,8,11,0,16,22,17
647,3,10,18,6,7,21,22,20,14,17,2,4,11,1,0,12,15,16,19,5,13,8,9
648,3,16,21,14,20,0,10,1,22,8,17,18,7,2,13,11,9,15,19,4,12,6,5
649,15,20,4,9,6,12,2,5,18,16,13,8,10,19,11,17,21,0,3,14,22,7,1
650,17,5,15,22,16,11,21,12,1,3,14,19,9,7,2,0,4,6,10,8,18,20,13
651,9,18,3,4,19,10,20,21,0,7,15,6,1,17,12,14,22,11,16,13,8,5,2
652,5,12,19,21,22,3,4,18,9,14,17,0,8,16,15,2,10,1,20,7,6,11,13
653,7,0,6,8,13,15,9,5,3,22,14,4,18,20,10,16,11,12,21,1,19,2,17
654,19,9,10,5,18,4,22,11,16,13,3,8,17,6,21,1,14,7,20,2,15,0,12
655,12,3,14,17,20,8,18,1,7,21,13,22,15,4,16,5,2,9,6,10,0,19,11
656,21,2,5,7,9,15,8,18,19,11,4,14,13,17,1,22,12,10,0,20,3,6,16
657,20,11,13,10,5,22,1,19,14,6,9,16,15,7,3,4,0,2,12,18,17,8,21
658,10,16,17,19,3,11,7,15,6,0,18,12,9,21,20,22,5,1,2,14,8,13,4
659,1,11,6,9,22,0,3,19,17,16,4,10,5,14,8,7,2,21,13,12,18,15,20
660,18,5,19,0,17,20,2,9,13,6,1,4,7,10,16,21,3,11,8,22,14,12,15
661,13,10,11,4,2,3,5,17,6,19,0,9,8,12,15,18,22,20,7,16,21,14,1
662,11,17,20,8,12,19,16,2,10,7,15,14,13,22,5,4,18,6,0,9,1,3,21
663,16,7,10,0,8,1,20,6,14,17,12,13,22,5,18,2,15,19,21,4,9,11,3
664,19,17,0,18,21,9,14,4,3,22,5,7,11,12,20,8,6,10,15,2,16,1,13
665,21,14,9,13,0,7,3,18,12,2,8,15,20,1,17,6,19,16,22,5,10,4,11
666,13,3,12,20,1,11,15,17,9,8,2,6,19,4,21,16,14,22,5,10,0,7,18
667,9,22,1,12,6,18,20,15,7,0,3,8,21,5,2,19,11,4,13,17,14,10,16
668,4,21,22,17,0,6,19,13,2,1,15,16,7,3,10,9,8,20,12,18,5,11,14
669,17,10,15,2,8,16,12,0,1,18,4,20,3,22,11,13,5,7,9,14,21,19,6
670,12,14,8,6,13,2,17,3,11,15,1,22,5,20,0,10,9,18,19,21,4,16,7
671,8,19,0,9,17,21,18,10,3,6,12,2,14,15,5,11,20,22,4,7,1,16,13
672,10,2,13,5,9,12,1,18,11,21,17,0,3,16,19,14,4,8,22,20,7,6,15
673,11,7,4,22,14,1,8,13,20,5,6,10,19,9,3,18,17,15,16,21,0,2,12
674,15,6,8,20,3,17,13,1,10,11,5,9,21,19,7,0,14,16,22,12,2,18,4
675,2,20,1,6,19,13,0,5,16,3,11,22,7,18,12,14,15,4,17,21,10,9,8
676,9,16,14,15,5,22,1,8,2,19,7,0,11,17,12,21,10,13,6,3,4,18,20
677,12,13,7,18,15,19,2,21,5,6,8,17,0,14,22,20,11,10,4,1,16,3,9
678,5,4,3,17,21,6,18,16,0,1,22,13,19,12,9,14,2,8,10,15,11,7,20
679,20,19,22,8,10,1,15,11,17,18,2,5,16,21,6,3,14,12,9,13,7,0,4
680,2,9,18,19,10,15,7,20,4,22,21,12,13,11,17,16,0,1,14,6,8,5,3
681,1,5,20,11,18,14,0,4,16,21,9,17,6,8,2,10,13,15,19,3,7,22,12
682,16,18,13,5,1,0,7,10,15,20,12,3,8,2,11,6,17,4,9,22,21,14,19
683,14,15,6,8,7,12,13,17,2,5,11,18,9,10,4,0,22,3,1,20,16,19,21
684,13,12,11,21,5,8,9,22,18,14,7,1,16,2,19,4,3,20,6,0,15,17,10
685,14,22,5,16,1,17,21,20,7,8,4,19,18,6,13,12,11,2,0,15,9,10,3
686,2,4,15,12,7,22,16,3,10,18,5,21,14,11,8,13,20,6,17,1,19,9,0
687,19,2,11,1,8,18,0,14,15,13,3,20,6,17,16,5,22,21,4,9,12,7,10
688,17,0,16,20,12,4,13,21,19,18,8,15,5,2,3,22,7,9,11,10,6,1,14
689,2,20,9,7,22,14,10,1,13,15,4,12,17,19,8,18,6,5,3,11,16,0,21
690,7,6,3,11,1,16,19,14,22,10,20,21,0,15,5,2,8,13,12,4,17,18,9
691,10,18,9,21,2,6,17,22,13,12,20,7,1,14,16,19,0,11,15,8,3,5,4
692,15,13,17,14,11,4,3,2,21,19,6,8,20,10,9,12,5,18,0,16,22,7,1
693,5,16,13,7,8,19,2,9,3,10,18,1,22,0,6,20,12,4,21,17,11,14,15
694,7,3,10,9,6,20,8,22,12,16,11,0,15,19,13,2,1,14,4,5,21,17,18
695,3,16,6,15,2,18,12,19,1,20,17,9,11,4,0,22,14,21,10,7,5,13,8
696,1,7,12,13,0,9,5,4,10,11,21,19,15,16,8,18,17,3,2,14,22,20,6
697,11,14,4,19,18,8,10,6,21,3,20,5,2,0,12,9,13,7,15,22,1,16,17
698,18,15,16,12,22,3,20,0,7,14,1,2,17,5,10,8,11,19,21,13,4,6,9
699,3,13,17,2,21,7,9,10,11,8,16,4,5,15,22,20,18,12,1,0,6,14,19
700,6,11,19,18,20,12,22,16,13,0,2,17,14,21,5,9,7,1,8,4,10,15,3
701,15,0,20,9,19,1,10,17,12,2,13,16,6,3,21,5,4,8,7,11,14,22,18
702,21,8,1,22,16,11,0,3,4,12,15,6,10,18,2,19,20,14,13,9,7,17,5
703,11,0,21,5,13,2,4,14,20,7,22,15,9,6,17,10,12,16,3,8,18,19,1
704,14,10,4,16,12,20,7,18,22,19,0,3,21,9,6,11,13,5,8,17,1,15,2
705,8,11,10,1,3,6,17,4,18,16,22,14,15,20,7,0,19,21,5,12,2,9,13
706,20,3,0,10,12,4,5,6,22,11,19,16,14,1,18,7,9,15,17,21,13,2,8
707,9,22,11,20,5,7,15,13,6,3,16,4,2,8,10,1,18,0,14,21,19,17,12
708,10,17,7,4,6,16,13,8,2,22,18,1,0,20,19,12,21,9,5,3,14,15,11
709,22,4,7,10,15,8,11,17,0,20,9,19,3,16,21,5,12,6,13,18,2,1,14
710,19,10,14,0,17,21,2,13,11,22,5,3,15,18,4,6,20,7,1,8,9,12,16
711,4,21,18,16,15,22,1,11,6,13,19,9,10,14,2,8,5,12,7,20,3,0,17
712,21,17,9,19,11,2,18,1,0,5,4,6,16,15,7,13,3,8,20,10,12,22,14
713,18,2,5,4,10,19,21,16,14,15,8,12,13,20,1,3,7,22,17,6,0,11,9
714,16,0,8,13,11,10,7,19,2,1,12,3,18,21,22,6,17,5,14,9,15,4,20
715,13,12,1,15,0,3,16,22,17,21,6,10,2,18,20,7,19,14,11,4,9,8,5
716,17,4,20,12,18,0,11,3,5,7,13,8,22,16,1,21,15,9,10,14,6,2,19
717,16,22,17,21,9,1,4,5,19,3,11,18,14,7,0,13,6,20,8,2,10,12,15
718,20,4,18,7,8,22,19,12,0,1,14,13,6,3,9,17,2,11,16,15,5,10,21
719,5,20,21,14,11,13,8,15,19,10,1,0,9,4,6,3,12,2,22,7,18,16,17
720,1,14,19,8,13,10,15,9,21,2,3,17,18,20,0,22,4,6,12,16,11,5,7
721,22,9,3,15,7,11,18,10,5,14,21,12,17,6,4,2,1,19,0,16,13,20,8
722,3,2,17,1,14,15,21,19,11,12,0,22,20,7,13,5,4,16,10,18,8,9,6
723,6,9,8,5,15,11,20,2,19,17,16,14,21,1,22,4,10,18,13,7,12,3,0
724,18,13,10,11,1,14,12,16,15,0,2,20,7,19,3,8,6,5,21,17,4,22,9
725,7,5,4,0,6,17,14,11,9,15,20,10,16,12,19,21,18,13,8,22,3,1,2
726,16,7,5,10,2,15,14,18,20,8,1,21,4,0,11,13,17,19,9,3,6,22,12
727,9,18,12,6,20,19,13,3,14,5,8,2,17,22,10,16,0,1,21,11,7,4,15
728,1,22,15,4,17,7,12,5,16,18,6,20,19,21,13,3,8,0,11,2,9,14,10
729,4,12,19,22,21,8,5,0,10,6,9,1,18,11,20,17,15,3,14,13,2,7,16
730,10,16,0,14,19,21,4,12,3,20,7,9,18,5,15,11,22,8,17,1,13,2,6
731,11,15,13,7,16,17,3,20,4,12,18,10,1,8,22,14,0,21,9,2,19,6,5
732,20,6,14,17,10,4,22,8,1,0,12,5,21,7,3,19,2,9,11,15,18,13,16
733,14,8,1,2,17,21,12,15,18,3,4,13,19,6,11,16,9,22,7,5,0,10,20
734,21,11,16,18,13,10,17,22,9,4,8,6,20,12,2,1,19,7,3,5,15,0,14
735,15,5,22,7,14,13,3,0,16,10,19,2,4,9,21,1,11,18,8,20,17,12,6
736,10,13,18,17,5,15,2,14,12,4,3,16,8,22,9,6,21,1,19,11,0,20,7
737,14,17,6,21,19,20,8,4,2,0,22,7,15,10,18,1,13,3,16,12,5,9,11
738,12,15,0,16,3,9,1,22,18,13,2,21,5,17,19,10,14,6,4,20,11,8,7
739,6,3,12,9,22,14,5,21,20,1,17,15,0,16,8,4,10,7,2,11,13,18,19
740,8,21,12,14,15,3,11,6,5,17,0,9,10,7,16,18,1,20,22,2,4,19,13
741,3,8,16,22,2,7,14,9,13,21,19,18,0,17,4,6,5,20,15,10,1,11,12
742,8,18,12,16,7,2,4,10,17,22,13,5,21,15,1,20,9,14,6,0,19,3,11
743,9,10,6,2,11,18,20,5,1,4,7,17,13,14,8,12,3,22,19,15,21,16,0
744,14,20,8,19,16,4,22,11,12,5,15,7,3,2,17,1,18,0,21,6,9,13,10
745,4,3,21,9,5,14,19,16,10,7,2,20,11,8,6,12,17,13,1,18,22,15,0
746,21,17,9,12,0,13,16,8,15,6,14,5,1,19,2,20,22,11,10,3,4,7,18
747,5,21,22,0,19,12,15,6,14,11,17,16,8,1,20,9,18,7,4,13,2,10,3
748,9,2,4,6,20,0,1,12,22,13,11,15,10,5,18,16,8,19,7,14,17,3,21
749,8,11,10,17,6,3,9,0,7,19,21,12,13,16,15,4,22,2,20,18,14,5,1
750,12,9,20,10,8,17,19,13,4,2,3,14,16,11,21,18,6,15,1,22,7,0,5
751,15,19,1,13,0,9,3,4,16,21,22,18,20,17,10,7,14,12,5,8,11,2,6
752,22,12,14,20,6,18,0,8,21,2,9,13,15,3,7,16,10,4,11,5,19,1,17
753,1,18,5,22,14,12,20,2,6,4,11,19,3,9,15,10,7,21,0,17,8,16,13
754,19,20,7,15,13,21,17,14,22,16,4,8,5,0,18,11,12,6,2,9,1,10,3
755,13,7,0,21,18,2,17,19,1,15,5,22,11,8,12,4,9,14,6,3,16,20,10
756,16,6,11,5,9,13,12,18,3,8,2,17,7,21,1,0,4,15,20,14,10,22,19
757,19,9,6,11,2,20,10,0,1,7,18,4,14,5,22,3,15,13,16,8,12,17,21
758,12,13,15,21,7,1,16,20,17,5,19,0,22,6,3,18,2,10,14,4,8,9,11
759,21,14,16,8,10,6,15,2,11,19,9,1,20,7,0,13,17,5,3,12,22,18,4
760,18,19,21,20,13,10,22,3,14,11,16,6,4,0,1,17,8,7,5,9,15,12,2
761,17,16,13,12,15,0,8,1,20,10,18,22,7,9,19,21,3,4,11,2,6,5,14
762,6,15,19,14,11,22,2,13,9,12,3,4,17,1,7,0,21,18,20,10,5,8,16
763,2,6,7,18,21,20,14,10,22,1,0,9,4,3,11,5,15,8,13,17,16,19,12
764,3,22,5,10,12,15,0,18,1,11,13,14,8,4,9,17,19,16,6,7,21,20,2
765,9,10,18,11,19,16,8,12,17,14,5,7,13,22,6,2,20,15,0,4,3,1,21
766,8,22,13,19,20,11,1,5,15,16,6,14,2,10,18,7,3,0,12,21,17,9,4
767,5,7,20,8,22,16,13,21,6,17,0,19,9,18,3,11,2,14,4,12,10,15,1
768,6,15,11,1,21,19,22,9,2,14,7,18,17,12,16,20,13,5,3,0,8,4,10
769,16,19,8,22,17,7,9,13,12,2,6,10,18,15,5,21,0,11,14,4,1,3,20
770,2,5,3,9,14,17,19,1,11,13,8,21,0,20,12,22,7,4,15,18,6,10,16
771,15,2,7,19,20,9,18,8,0,10,1,12,4,6,13,5,22,3,21,16,14,11,17
772,2,12,15,0,1,6,7,3,9,8,11,20,16,14,21,4,5,10,19,13,22,17,18
773,4,8,17,5,9,3,12,20,18,14,21,7,6,11,16,19,22,2,0,10,1,13,15
774,5,3,12,16,22,13,21,15,10,18,7,20,11,1,4,8,6,19,17,14,0,2,9
775,17,8,4,10,5,6,11,9,18,19,20,22,14,0,13,12,21,1,2,3,16,15,7
776,4,9,1,2,16,20,13,8,10,7,21,3,19,18,12,11,14,22,5,15,17,6,0
777,20,18,9,11,3,1,2,5,0,12,15,21,6,17,19,14,13,16,10,22,7,4,8
778,3,21,20,0,12,18,14,1,5,10,19,16,7,2,8,17,11,9,22,6,15,13,4
779,22,17,19,15,7,12,13,11,21,14,4,6,5,10,20,9,8,1,2,16,18,0,3
780,11,5,0,8,9,2,10,3,13,16,12,7,22,4,15,6,14,21,20,17,19,1,18
781,18,4,5,6,8,19,0,10,17,3,22,2,15,14,9,1,7,16,12,21,11,13,20
782,10,6,4,9,2,21,5,20,16,22,12,15,19,11,7,13,17,0,3,1,18,14,8
783,22,10,8,17,16,14,2,21,5,1,18,0,3,7,11,19,20,6,9,4,12,15,13
784,8,11,21,2,18,0,9,4,16,7,17,1,22,5,10,6,19,3,15,13,14,12,20
785,18,16,3,0,22,8,15,10,4,20,14,12,1,17,5,2,21,11,13,7,6,19,9
786,9,0,10,4,21,12,19,16,7,17,5,13,6,2,20,22,15,11,1,14,18,8,3
787,11,21,15,18,17,8,9,12,6,13,16,2,14,19,5,0,1,22,7,20,3,4,10
788,3,5,18,8,14,11,17,2,7,21,15,19,10,9,4,16,0,20,12,6,13,22,1
789,15,0,3,13,19,4,11,17,21,18,6,20,16,8,22,5,2,12,10,1,7,9,14
790,10,19,22,1,0,20,12,18,13,15,9,8,2,3,5,16,7,21,6,11,17,14,4
791,16,20,12,22,10,9,11,15,3,4,1,18,7,19,17,21,0,13,14,8,6,2,5
792,17,0,14,19,21,10,18,20,15,16,9,6,3,4,13,7,5,2,8,22,12,11,1
793,22,7,1,2,11,16,18,6,17,10,14,5,13,15,20,3,9,8,4,0,21,19,12
794,21,14,20,13,15,2,7,0,19,16,17,4,8,1,22,11,3,12,6,10,9,18,5
795,7,17,14,6,3,1,21,18,20,4,15,0,19,22,2,8,10,13,12,16,11,5,9
796,13,18,22,0,7,16,3,5,6,21,20,10,4,12,11,2,1,14,9,17,19,8,15
797,1,3,17,7,18,19,4,14,11,15,13,8,10,22,0,6,20,12,21,5,16,9,2
798,22,18,13,12,17,7,20,9,2,0,19,21,5,8,6,10,4,3,16,15,1,14,11
799,17,6,16,15,13,11,8,19,18,20,22,2,9,21,3,5,12,10,14,0,4,1,7
800,4,20,9,13,21,3,10,16,5,11,0,17,22,2,1,14,15,18,6,12,8,7,19
801,19,9,11,20,6,15,7,10,3,22,18,12,1,2,17,14,0,4,5,13,21,16,8
802,7,4,12,16,1,20,19,17,11,6,8,3,21,5,15,22,10,9,2,14,13,18,0
803,20,10,5,17,2,19,16,1,4,12,11,13,8,3,15,7,9,14,22,18,21,0,6
804,6,8,7,4,12,0,1,11,22,21,15,3,5,16,9,13,19,10,17,20,2,14,18
805,3,7,10,20,0,21,15,19,12,5,16,2,9,18,8,11,13,4,1,22,14,6,17
806,13,16,22,21,10,17,5,1,14,3,4,15,18,0,7,2,6,8,12,11,9,20,19
807,14,19,21,7,3,10,2,17,22,11,12,4,16,9,0,20,1,6,13,8,15,5,18
808,19,12,21,10,14,22,9,4,7,20,17,5,1,16,18,6,8,13,3,15,0,11,2
809,21,6,18,1,8,17,0,14,13,11,3,22,20,15,7,19,12,2,10,5,4,16,9
810,11,21,6,14,7,8,16,22,18,19,15,9,17,3,12,10,4,20,13,2,5,1,0
811,1,11,18,8,9,13,4,6,5,17,20,10,14,12,2,0,3,21,15,7,22,16,19
812,18,9,17,13,16,14,5,20,0,12,1,8,15,21,4,22,11,19,7,6,2,3,10
813,5,21,3,14,22,6,1,13,9,2,8,17,0,4,10,20,11,15,19,18,16,12,7
814,10,19,15,20,16,12,7,4,6,8,2,1,11,9,0,3,13,18,22,21,5,17,14
815,18,14,11,5,17,10,3,2,12,15,1,13,7,0,21,9,6,4,16,20,22,8,19
816,20,3,16,4,19,22,10,13,15,18,14,7,9,12,6,21,0,8,11,1,17,5,2
817,2,13,10,1,6,3,4,22,14,0,5,18,20,17,16,12,7,21,9,8,11,19,15
818,7,17,22,15,11,1,18,3,20,2,14,16,21,6,19,0,10,5,4,9,13,12,8
819,14,2,8,11,13,0,10,12,9,18,7,3,16,4,17,22,19,1,15,5,21,6,20
820,6,22,14,12,8,18,0,19,21,4,16,10,20,1,11,17,15,9,7,3,2,13,5
821,7,8,15,10,3,4,22,9,13,1,12,0,19,5,6,21,20,16,17,2,14,18,11
822,13,6,0,9,20,11,5,19,3,17,1,16,2,10,21,18,22,15,8,14,12,7,4
823,9,3,5,17,1,2,13,12,19,21,11,22,0,6,8,7,18,20,14,10,15,4,16
824,12,0,3,7,18,2,20,21,22,6,5,14,17,15,13,4,9,16,19,11,10,1,8
825,1,15,6,2,22,0,4,13,16,20,21,5,8,19,17,9,18,14,11,7,12,10,3
826,22,10,13,18,9,7,11,15,14,8,19,4,21,2,20,3,5,0,1,12,17,6,16
827,6,4,17,9,15,20,14,18,19,13,0,21,10,12,1,8,2,3,22,16,5,7,11
828,17,12,4,11,5,22,2,6,10,19,9,16,7,20,15,1,21,13,8,18,0,3,14
829,16,22,0,5,2,6,8,17,19,3,20,15,1,7,4,11,14,18,10,12,21,9,13
830,7,15,20,18,14,12,22,0,2,19,3,17,8,10,16,13,5,11,9,1,6,4,21
831,19,14,6,21,2,13,15,11,7,10,22,1,9,20,12,16,4,0,5,3,18,8,17
832,16,20,10,17,12,18,19,22,3,13,11,9,4,8,21,14,1,5,2,15,0,7,6
833,12,8,9,7,0,13,1,14,15,5,6,17,2,18,11,10,4,3,16,21,19,22,20
834,5,11,22,1,8,9,20,16,12,7,13,14,3,21,2,19,10,6,4,17,15,18,0
835,4,9,5,0,18,17,21,12,20,22,7,13,10,19,6,8,14,2,3,16,1,11,15
836,2,7,11,16,20,6,5,0,18,4,21,1,13,14,9,10,12,19,15,8,22,17,3
837,9,13,7,19,15,3,14,8,4,1,16,21,5,18,0,11,20,10,2,6,12,22,17
838,7,20,1,22,16,2,3,21,13,6,14,8,0,11,18,12,17,15,9,4,5,10,19
839,12,14,16,4,5,21,7,8,11,0,13,6,22,17,20,3,2,1,10,15,9,19,18
840,11,18,4,15,7,14,19,21,2,17,1,22,20,16,3,9,5,10,12,0,8,6,13
841,8,22,19,6,11,16,7,15,9,14,20,13,21,5,12,10,18,3,0,1,4,17,2
842,14,16,7,12,15,10,17,6,5,2,8,19,18,0,3,1,22,9,21,13,11,4,20
843,15,17,13,16,9,4,12,2,11,5,3,10,6,14,18,7,22,8,19,21,1,20,0
844,11,19,18,22,10,21,16,4,12,6,17,2,0,8,5,13,20,14,1,9,3,7,15
845,15,2,14,9,3,11,21,12,1,7,19,0,13,6,8,22,17,18,20,10,4,5,16
846,20,5,1,0,17,14,2,16,18,13,9,6,4,22,10,21,8,7,3,11,15,19,12
847,4,13,8,14,21,12,22,1,17,16,11,3,19,10,15,18,6,2,9,5,7,0,20
848,18,4,0,6,7,9,14,17,16,20,2,10,11,1,22,5,21,12,15,8,13,3,19
849,6,12,22,18,5,19,8,14,21,15,0,9,17,2,11,4,7,20,10,13,3,16,1
850,19,11,21,1,3,15,12,2,4,16,22,14,5,7,17,8,18,0,20,6,9,13,10
851,10,7,19,2,9,8,4,3,14,0,21,5,6,1,16,18,13,20,12,22,11,15,17
852,17,13,20,16,12,18,21,11,7,1,5,15,4,22,19,2,6,10,0,3,9,14,8
853,13,15,19,4,6,7,10,22,21,8,17,0,18,12,20,16,1,5,14,2,3,9,11
854,5,16,13,21,10,19,22,6,0,12,2,20,14,18,1,17,4,9,11,3,7,8,15
855,21,10,8,18,6,22,13,4,1,14,3,19,20,15,11,0,7,16,17,12,5,2,9
856,8,18,17,10,14,4,16,15,20,5,2,9,22,21,7,12,6,13,1,0,19,11,3
857,2,10,12,8,20,15,14,5,3,7,19,6,1,11,4,9,17,18,21,13,16,22,0
858,18,0,19,7,13,1,4,9,15,3,21,2,16,22,8,14,10,11,6,20,12,17,5
859,17,2,15,11,1,4,0,3,12,8,18,22,19,20,13,16,5,6,21,14,10,9,7
860,7,15,10,13,0,21,9,8,2,17,4,18,6,5,19,12,3,22,11,16,14,20,1
861,16,11,9,5,1,17,18,10,6,15,8,19,0,7,3,20,21,12,14,4,22,2,13
862,5,12,15,2,21,3,20,18,0,11,6,17,9,4,19,10,8,22,13,7,16,1,14
863,10,18,1,4,21,16,17,5,14,13,7,9,15,3,0,8,19,6,22,11,2,20,12
864,18,6,5,19,22,9,11,8,12,14,4,1,3,21,10,17,20,7,16,15,13,0,2
865,11,9,4,12,20,10,0,18,21,6,5,8,14,3,16,19,15,1,2,22,7,13,17
866,1,17,3,21,8,6,10,13,16,2,12,14,4,20,9,22,7,19,0,5,18,15,11
867,4,5,0,17,10,22,1,2,15,19,9,12,18,14,3,8,11,21,16,7,13,20,6
868,22,8,6,13,18,0,21,15,17,7,5,3,11,19,9,1,10,16,20,2,14,12,4
869,21,22,9,6,19,7,3,1,18,0,20,4,15,10,17,14,8,5,16,13,2,11,12
870,1,4,11,15,7,8,2,14,10,22,21,12,20,5,6,13,18,0,17,9,19,3,16
871,15,2,16,20,5,12,13,9,6,17,11,8,7,18,4,3,14,1,22,0,19,10,21
872,18,16,1,8,2,15,10,20,13,12,22,0,19,14,5,4,9,11,7,21,3,6,17
873,6,3,22,5,14,11,0,16,10,20,7,4,13,17,18,12,21,19,15,9,8,2,1
874,19,5,7,6,13,16,11,14,1,2,0,22,3,8,12,18,9,15,21,20,10,17,4
875,17,7,21,11,2,1,16,15,4,3,13,5,10,20,22,0,19,6,12,8,18,14,9
876,10,15,20,14,17,21,8,1,9,4,12,7,22,0,18,2,3,11,13,6,16,19,5
877,20,14,18,12,6,3,19,21,0,10,4,9,2,1,13,16,11,22,8,17,7,15,5
878,16,13,6,0,11,14,12,10,4,22,18,3,8,15,2,1,21,7,19,20,17,5,9
879,14,21,8,15,1,20,3,0,17,18,6,13,16,10,22,5,9,19,2,7,12,4,11
880,2,3,14,22,15,1,19,12,16,5,17,7,10,4,0,20,13,18,9,21,8,11,6
881,8,2,7,17,14,9,12,4,19,15,18,20,6,16,1,11,22,21,5,3,0,10,13
882,13,5,22,19,3,6,11,2,21,8,14,16,1,17,10,9,15,20,7,4,0,18,12
883,22,4,12,5,0,10,9,16,1,18,15,21,17,6,7,20,2,8,14,11,3,13,19
884,3,0,17,4,11,20,15,12,10,1,16,6,7,9,2,21,5,13,19,8,18,22,14
885,21,19,5,13,16,18,8,1,20,10,11,2,22,12,4,17,0,15,3,14,6,9,7
886,13,0,19,8,12,15,17,6,2,20,9,10,16,3,1,18,11,4,5,22,14,7,21
887,20,9,14,7,18,11,3,10,13,16,17,19,1,0,21,6,12,8,5,4,22,2,15
888,12,20,15,18,5,22,21,17,7,8,2,0,11,4,9,3,14,19,6,16,13,1,10
889,11,21,3,20,10,9,22,19,5,16,13,8,15,2,17,18,1,0,7,6,4,14,12
890,2,16,21,10,17,7,9,22,14,4,15,19,11,3,6,13,1,12,20,5,8,0,18
891,4,22,11,19,12,10,13,20,3,21,6,18,5,1,15,14,7,0,17,16,9,8,2
892,1,12,0,20,19,16,18,11,9,7,13,21,10,17,8,6,14,2,4,22,15,5,3
893,4,14,10,22,9,0,1,13,7,3,17,20,2,11,12,21,6,15,19,8,5,16,18
894,21,7,13,2,19,4,3,20,0,12,1,16,14,22,5,9,17,11,15,6,10,18,8
895,19,14,17,15,22,13,20,9,12,11,7,4,1,8,16,5,18,10,0,2,6,3,21
896,14,10,4,16,12,20,7,18,22,19,0,3,21,9,6,11,13,5,8,17,1,15,2
897,8,16,11,5,22,18,17,19,6,0,2,1,13,7,3,14,20,9,4,15,21,12,10
898,9,12,3,1,7,17,8,21,5,22,19,15,18,14,0,4,11,13,6,20,10,2,16
899,15,9,12,22,20,13,11,5,1,14,16,7,0,6,17,21,8,10,3,18,2,19,4
900,3,20,14,11,13,12,2,10,19,17,8,1,9,15,21,7,4,5,22,16,6,18,0
901,17,11,9,14,8,13,21,22,16,18,12,5,20,2,4,19,10,15,1,7,3,0,6
902,4,0,16,21,19,18,9,13,6,8,5,15,2,12,20,3,22,7,11,1,17,10,14
903,6,14,12,13,0,7,2,3,11,1,19,18,17,21,22,20,5,4,9,10,15,8,16
904,21,6,18,1,8,17,0,14,13,11,3,22,20,15,7,19,12,2,10,5,4,16,9
905,14,19,8,4,16,21,11,17,15,6,5,10,22,3,13,7,2,9,12,0,18,20,1
906,9,15,0,17,13,19,5,8,11,14,7,12,16,2,10,22,3,20,21,1,4,6,18
907,1,10,21,18,20,15,14,16,19,0,4,3,8,22,5,17,9,2,6,12,11,7,13
908,20,17,22,9,5,14,12,0,7,13,1,16,3,19,21,18,6,8,11,2,10,4,15
909,5,3,6,2,8,9,1,18,10,21,22,15,11,16,19,7,17,4,13,14,0,12,20
910,11,22,20,12,6,8,4,3,19,10,0,13,7,14,1,2,18,9,16,15,21,17,5
911,18,21,13,0,7,6,16,11,20,2,8,14,1,5,9,10,12,3,4,22,19,15,17
912,3,9,16,21,1,12,13,15,2,20,22,17,18,11,19,0,5,14,10,6,8,4,7
913,12,6,20,11,8,1,22,2,9,16,14,7,19,15,3,13,0,21,17,18,5,10,4
914,5,8,7,20,16,4,14,17,22,2,6,12,0,1,15,19,13,18,3,9,21,11,10
915,7,5,18,8,0,14,15,20,6,4,11,16,9,10,22,17,19,1,21,13,2,3,12
916,20,13,11,14,9,0,19,16,5,12,15,18,17,21,7,2,6,22,8,10,3,1,4
917,17,8,4,10,5,6,11,9,18,19,20,22,14,0,13,12,21,1,2,3,16,15,7
918,2,17,7,12,15,20,9,13,4,18,3,8,21,19,22,16,0,10,5,11,1,6,14
919,9,10,19,7,13,22,18,8,20,4,16,21,5,6,2,3,11,0,14,1,17,12,15
920,15,18,5,6,2,12,14,4,11,0,21,13,10,8,9,20,19,16,1,17,7,22,3
921,22,12,9,21,18,1,7,14,15,5,20,6,13,19,16,10,4,3,17,0,11,8,2
922,8,4,1,18,17,10,13,15,3,21,19,0,5,16,20,11,7,14,2,12,9,22,6
923,10,19,13,1,21,14,5,0,9,11,15,2,3,12,18,6,22,7,8,4,17,16,20
924,11,7,18,19,21,8,0,2,16,15,14,12,4,10,6,1,17,22,20,9,5,3,13
925,13,15,4,9,3,21,20,12,7,5,0,17,8,6,1,2,18,16,19,10,22,14,11
926,16,11,22,8,15,13,18,21,5,17,12,20,1,9,2,4,3,14,0,10,19,7,6
927,6,0,3,2,20,19,21,10,14,22,13,18,17,4,11,9,8,5,7,15,12,16,1
928,12,18,15,16,2,7,10,6,21,3,17,8,0,11,20,22,1,4,9,14,13,19,5
929,3,7,9,5,10,2,17,6,12,1,16,18,21,15,8,19,4,13,22,20,0,14,11
930,1,20,17,6,14,3,16,11,21,4,9,10,13,8,12,0,22,19,5,2,7,15,18
931,12,17,20,4,7,2,8,19,13,10,18,14,15,6,16,5,9,21,0,22,1,11,3
932,2,22,15,19,18,11,5,3,0,13,20,7,17,16,12,14,10,1,21,4,6,9,8
933,15,11,5,9,18,22,12,17,19,6,8,1,2,20,0,21,4,3,16,10,14,13,7
934,5,20,14,12,11,16,15,1,13,21,7,17,8,19,10,4,3,18,22,0,6,2,9
935,10,6,7,14,16,4,11,21,3,13,0,19,15,22,5,8,2,12,1,18,9,20,17
936,8,3,18,7,14,16,17,22,2,0,4,5,20,1,13,12,21,6,15,9,11,10,19
937,13,22,8,1,19,14,10,5,2,4,3,9,16,18,7,6,20,11,12,21,15,0,17
938,7,2,0,20,12,15,4,8,22,10,13,5,18,14,17,16,11,19,6,3,9,1,21
939,19,13,4,0,9,11,16,6,14,1,12,21,22,8,20,18,15,7,17,5,2,3,10
940,9,16,6,10,1,21,15,11,0,3,2,20,8,14,17,7,19,22,12,18,5,4,13
941,22,2,7,11,5,0,14,17,10,20,9,19,4,21,18,13,15,8,3,1,16,12,6
942,19,18,10,13,17,11,2,9,15,22,16,6,7,0,5,3,21,12,4,20,14,1,8
943,22,19,9,5,3,4,7,16,1,6,18,17,14,10,12,2,15,20,13,11,8,0,21
944,9,12,0,14,22,7,21,19,17,8,15,4,6,20,10,5,18,2,11,3,13,1,16
945,16,4,1,11,12,9,3,19,20,15,22,13,21,17,8,18,2,7,6,14,0,5,10
946,19,5,15,17,0,18,22,14,16,7,8,13,6,11,4,20,1,9,10,2,12,3,21
947,3,6,16,21,1,17,19,18,20,12,22,5,11,7,2,13,0,15,4,10,8,9,14
948,8,11,10,17,6,3,9,0,7,19,21,12,13,16,15,4,22,2,20,18,14,5,1
949,11,7,21,13,3,0,20,5,18,14,17,16,15,9,19,1,12,8,2,6,22,10,4
950,7,10,13,22,14,19,0,4,11,1,20,15,2,18,5,9,8,12,6,21,16,17,3
951,2,19,14,13,11,10,8,20,17,5,12,4,18,21,9,22,1,16,3,7,15,6,0
952,1,16,20,21,19,2,18,13,9,5,3,6,14,4,22,8,0,11,7,17,10,12,15
953,17,0,19,2,16,20,3,22,6,11,14,7,9,12,4,5,10,8,15,1,18,13,21
954,14,9,12,15,10,20,17,16,0,7,18,4,21,22,11,2,13,6,19,5,1,8,3
955,17,8,3,15,9,18,21,4,22,6,2,14,19,7,20,11,5,13,0,12,10,1,16
956,15,4,16,20,14,19,18,0,12,10,11,21,3,9,1,17,8,22,5,13,2,6,7
957,6,5,10,12,15,3,20,9,1,14,11,22,4,19,7,8,17,18,13,16,21,0,2
958,20,13,22,9,19,21,1,10,4,12,2,3,5,15,16,0,17,6,7,11,14,18,8
959,12,21,18,16,10,13,7,5,3,17,9,15,0,2,4,8,6,20,14,22,11,19,1
960,3,2,12,15,13,17,10,20,11,1,5,8,19,7,18,9,14,21,22,0,6,4,16
961,8,17,11,10,6,15,22,0,21,7,19,2,5,18,1,14,20,4,16,9,12,3,13
962,16,21,20,6,22,8,15,13,14,18,4,5,10,1,9,12,3,0,19,17,2,7,11
963,15,20,12,4,0,3,19,11,17,13,14,9,22,5,6,21,1,7,10,2,16,8,18
964,14,4,6,20,7,22,5,12,1,21,0,10,13,11,16,17,2,3,8,15,18,9,19
965,9,7,1,19,8,2,22,3,4,18,6,17,10,0,11,21,13,14,20,16,15,12,5
966,2,14,8,7,1,11,12,21,18,0,19,3,16,20,15,22,6,10,4,9,17,13,5
967,6,3,21,16,12,8,10,11,22,5,15,0,7,9,13,14,2,19,1,18,4,17,20
968,4,12,5,22,18,9,2,20,10,13,21,15,3,11,1,0,7,6,17,8,19,16,14
969,4,15,19,18,21,0,13,14,9,22,1,7,16,17,5,2,10,3,11,6,8,20,12
970,21,14,16,8,10,6,15,2,11,19,9,1,20,7,0,13,17,5,3,12,22,18,4
971,16,15,17,19,1,18,10,9,6,3,13,8,11,22,21,20,14,12,2,7,4,5,0
972,13,16,21,6,20,2,1,22,5,15,11,19,17,3,10,14,4,8,0,12,7,18,9
973,5,8,15,1,3,13,16,19,22,18,17,6,2,10,7,12,21,14,20,4,9,11,0
974,20,6,8,22,17,16,4,11,3,2,7,18,15,21,5,13,12,1,9,14,10,0,19
975,1,13,0,4,22,11,19,15,12,20,6,21,9,14,3,7,5,16,10,2,18,17,8
976,10,5,3,14,15,16,2,17,21,8,1,9,18,4,22,19,20,12,13,0,7,6,11
977,11,16,13,2,14,6,20,8,18,15,4,1,9,5,19,17,7,0,10,21,3,22,12
978,12,18,8,16,11,10,5,20,17,6,3,14,19,0,21,4,2,1,22,7,13,9,15
979,18,21,19,10,12,3,9,5,15,22,6,4,20,16,17,7,11,2,8,1,0,14,13
980,3,19,9,0,17,1,14,2,7,12,5,20,6,4,13,16,22,21,15,18,10,11,8
981,21,20,16,8,11,17,4,1,10,14,2,0,22,3,7,6,18,13,9,5,12,19,15
982,22,0,20,19,21,8,12,15,4,3,1,17,7,5,9,10,11,18,16,13,6,2,14
983,6,10,11,7,5,8,16,21,2,20,0,22,17,1,18,9,19,14,13,15,4,12,3
984,9,22,6,13,20,19,7,17,0,16,21,2,4,3,15,5,8,18,14,11,12,1,10
985,13,2,5,17,6,16,21,15,4,11,7,9,8,22,12,3,0,10,19,20,1,14,18
986,2,13,4,5,18,9,11,12,15,21,14,7,19,0,8,6,10,22,1,3,17,20,16
987,1,11,18,8,9,13,4,6,5,17,20,10,14,12,2,0,3,21,15,7,22,16,19
988,8,17,4,20,16,11,7,10,19,15,22,12,6,18,21,1,14,2,9,0,3,13,5
989,17,16,19,11,0,4,1,13,9,18,22,14,3,20,10,7,5,15,12,8,21,6,2
990,19,3,1,17,13,12,2,16,6,21,18,5,14,15,11,10,9,22,8,0,4,7,20
991,10,9,22,12,2,1,7,18,17,6,16,21,3,4,20,19,8,15,5,13,0,11,14
992,14,6,15,20,3,0,9,4,16,5,12,1,10,2,8,18,19,13,11,21,22,17,7
993,18,21,13,0,7,6,16,11,20,2,8,14,1,5,9,10,12,3,4,22,19,15,17
994,3,7,10,9,22,20,11,1,15,19,21,16,18,8,12,6,14,0,5,4,2,13,17
995,10,11,17,18,16,9,13,0,12,22,4,19,20,7,3,8,15,6,21,1,5,14,2
996,9,0,1,21,8,14,12,22,19,3,7,13,2,6,15,11,20,4,10,16,18,5,17
997,22,18,14,4,19,15,17,3,7,2,6,8,21,12,20,5,10,16,13,11,1,0,9
998,14,3,12,16,2,7,8,6,4,13,9,20,11,18,5,1,19,22,21,15,17,10,0
999,12,18,9,7,15,22,20,1,11,10,8,2,0,14,3,21,4,5,17,6,16,19,13
